"","Photo","Site","Transect","Treatment","Time","BASP","CCAP","EALM","EALB","RBSP","RFSP","OPCA","AGFI","BFSP","HYSP","DICL","Cris","HEPA","PHPA","BRUP","BOVI","HBCO","SPS1","SPS3","SPS8","SPS9","SPS10","SYSP","SPOT","SCUN","BRSH","EUBI","DELI","EPSC","BAEL","MEFA","ANE1","GERU","DOCO","DOFE","TUBE","PSOC","VECO","BACR","PSCH","TETR","CHHA","POMA","META","PYST","PEAN","CLHU","DICA","TCM3","DITR","EUPU","SYPA","APPO","APSO","TCM2","TCOT","Chel","Core","CNFI","HAIG","Stye","ASPA","TSV1","TSV2","TSOT","MSP1","INOT","OTHE","SHEL","FUZZ","RUBB"
"1","P1011053_IJ","SC","A","Urchin","Before",0,0.057528873,0.039224232,0,0.117672696,0.013074744,0,0,0,0.004358248,0.04815864,0,0,0,0,0,0,0,0,0,0,0,0,0.017432992,0,0,0,0,0,0.056657224,0,0,0,0,0,0.022009152,0.000435825,0.004358248,0,0,0.013074744,0,0,0.056875136,0.095881456,0,0,0.261494879,0,0,0,0,0,0,0,0.008716496,0,0,0,0,0,0,0,0,0,0.008716496,0,0,0,0.174329919,0
"2","P1011057_IJ","SC","A","Urchin","Before",0,0.111811788,0.01455251,0,0.126121756,0,0,0.101867572,0,0.009701674,0.009701674,0.000242542,0,0,0,0,0,0,0,0,0.004850837,0.019403347,0,0,0.009701674,0,0,0,0,0.043657531,0,0,0,0,0,0.009701674,0,0,0,0,0.053601746,0,0,0.140674266,0.024254184,0,0,0.092165899,0.009701674,0,0,0,0,0,0,0,0,0,0,0,0,0,0,0,0,0,0.004850837,0,0.009701674,0.203735144,0
"3","P1011059_IJ","SC","A","Urchin","Before",0,0.081462016,0.023889154,0,0.181557573,0,0,0.019111323,0,0.033444816,0.028905877,0.004777831,0,0,0,0,0,0,0,0,0.004777831,0.038461538,0,0.004777831,0,0,0,0,0,0.023889154,0,0.004777831,0,0,0,0.014333493,0.000238892,0,0,0,0.014333493,0,0,0.133779264,0.086000956,0,0,0.095795509,0,0.005016722,0,0,0,0,0,0,0.004777831,0.004777831,0,0,0,0,0,0,0,0,0,0,0,0.191113235,0
"4","P1011061_IJ","SC","A","Urchin","Before",0,0.143094842,0.024007606,0,0.109341574,0.019015926,0,0.199667221,0,0.004753981,0.023769907,0,0,0,0,0.004753981,0,0,0,0,0,0,0,0,0.043261231,0,0,0,0,0.023769907,0,0,0,0,0,0.023769907,0.009507963,0,0,0,0.009507963,0,0,0.143094842,0.004753981,0,0,0.038031852,0,0,0,0,0,0,0.004753981,0,0,0,0,0,0,0,0,0,0,0,0,0,0,0.171143333,0
"5","P1011063_IJ","SC","A","Urchin","Before",0.005370569,0.128893663,0.053705693,0,0.096670247,0,0,0.042964554,0.005370569,0.016380236,0,0,0,0,0,0.010741139,0,0,0,0,0,0,0,0.021482277,0.032223416,0,0,0,0,0.005370569,0,0,0,0,0,0.005370569,0.000268528,0,0,0,0.021482277,0,0,0.139634801,0.107411386,0,0,0.038131042,0,0,0,0,0,0,0,0,0.010741139,0,0.005370569,0,0,0,0,0,0,0,0.005370569,0,0,0.247046187,0
"6","P1010064_IJ","SC","A","Urchin","Before",0,0.067047076,0.252020922,0,0.02853067,0,0,0.156918688,0,0,0,0.000237756,0,0,0,0,0,0,0,0,0,0,0,0,0.052543985,0,0,0,0,0.023775559,0,0,0,0,0,0.004755112,0.000237756,0,0,0.004755112,0,0,0,0.137898241,0.057061341,0,0,0.090584879,0,0,0,0,0,0,0,0.004755112,0.009510223,0.009510223,0,0,0,0,0,0,0,0,0,0.004755112,0,0.095102235,0
"7","P1011068_IJ","SC","B","Urchin","Before",0,0.111730546,0.120789779,0,0.051103368,0,0,0,0,0,0.078977933,0,0,0,0,0,0,0,0,0,0,0.004645761,0,0.018583043,0.102206736,0,0.055749129,0,0,0.046457607,0,0.009291521,0,0,0,0.027874564,0.000464576,0,0,0,0.009291521,0,0,0,0,0,0,0.028339141,0,0,0,0,0,0,0,0,0,0,0.004645761,0,0,0,0,0,0,0,0.004645761,0,0,0.325203252,0
"8","P1011070_IJ","SC","B","Urchin","Before",0.010131712,0.116767984,0.141843972,0,0.051165147,0,0,0,0,0,0.111448835,0,0,0,0,0,0,0,0.010131712,0,0,0.020263425,0,0,0.025329281,0,0,0,0,0.005065856,0,0,0,0,0.025582573,0.010131712,0.000506586,0,0,0,0.010131712,0,0,0.142097264,0,0,0,0.075987842,0,0,0,0,0,0,0,0.020263425,0,0.005319149,0,0,0,0,0,0,0,0,0,0.005065856,0,0.212765957,0
"9","P1011071_IJ","SC","B","Urchin","Before",0,0.09633758,0.127388535,0,0.117038217,0.021231423,0,0,0,0,0.058651805,0,0,0,0,0,0.005307856,0,0,0,0,0,0,0.015923567,0.069002123,0,0.031847134,0,0,0.037420382,0,0.010615711,0,0.021231423,0,0.026804671,0,0,0,0,0,0,0,0.058386412,0,0,0,0.122346072,0,0,0,0,0,0,0,0.010615711,0,0.005307856,0,0,0,0,0,0,0,0,0,0,0,0.164543524,0
"10","P1011073_IJ","SC","B","Urchin","Before",0,0.062665066,0.182472989,0,0.048019208,0.024009604,0,0,0,0,0.019447779,0,0,0,0,0,0,0,0,0,0,0,0,0.009603842,0.033613445,0,0,0,0,0.038415366,0,0,0,0,0,0.004801921,0.000240096,0,0,0,0.014645858,0,0,0.196878752,0,0,0,0.173109244,0,0,0,0,0,0,0,0,0,0.004801921,0,0,0,0,0,0,0,0,0,0,0,0.18727491,0
"11","P1011074_IJ","SC","B","Urchin","Before",0,0.094142259,0.115062762,0,0.125523013,0,0,0,0,0,0.015690377,0,0,0,0,0,0.010460251,0,0,0,0,0,0,0,0.015690377,0,0,0,0,0.031380753,0,0,0,0.000784519,0,0.010460251,0,0,0,0,0,0,0,0.120292887,0,0,0,0.125784519,0,0,0,0.020920502,0,0,0,0,0,0.010460251,0,0,0,0,0,0,0,0,0,0,0,0.30334728,0
"12","P1011077_IJ","SC","B","Urchin","Before",0,0.122578933,0.090209605,0,0.100822499,0.010612895,0,0,0,0,0.010612895,0,0,0,0,0.005306447,0,0,0,0,0,0,0,0.005306447,0.015919342,0,0,0,0,0.026532237,0,0,0,0,0,0.015919342,0.006367737,0,0,0,0.00557177,0,0,0.132926506,0,0,0,0.07959671,0,0,0,0,0,0.026797559,0,0,0,0,0,0,0,0,0,0,0,0,0,0.005306447,0,0.339612629,0
"13","P1011090_IJ","SC","C","Urchin","Before",0,0,0.081389452,0,0.096348884,0,0,0.065922921,0,0,0,0.010141988,0,0,0,0.020283976,0,0,0,0,0,0,0,0,0.005070994,0,0,0,0,0.020283976,0,0.005070994,0,0,0,0,0,0,0,0.015212982,0,0,0,0.324543611,0.23326572,0,0,0.076825558,0,0,0,0,0,0,0,0.005070994,0.005070994,0.005070994,0,0,0,0,0,0,0,0,0.005070994,0,0,0.02535497,0
"14","P1011091_IJ","SC","C","Urchin","Before",0,0.00490425,0.018682858,0,0.36431574,0,0,0,0,0,0,0,0,0,0,0.004670715,0,0,0,0,0,0,0,0,0,0,0,0,0,0.032695002,0,0,0,0,0,0,0.000233536,0,0,0,0.014012144,0,0,0.280242877,0.116767865,0,0,0.074731434,0.004670715,0,0,0,0,0,0,0,0,0.018682858,0,0,0,0,0,0,0,0,0,0,0,0.065390005,0
"15","P1011092_IJ","SC","C","Urchin","Before",0,0.010149708,0.060898249,0,0.253742705,0,0,0,0,0,0,0,0,0,0,0.02537427,0,0,0,0,0,0,0,0,0.005074854,0,0,0,0,0.030449125,0,0,0,0,0,0,0,0,0,0,0.010149708,0,0,0.22329358,0.233443289,0,0,0.116975387,0,0,0,0.010149708,0,0,0,0,0,0.005074854,0,0,0,0,0,0,0,0,0.005074854,0,0,0.010149708,0
"16","P1011093_IJ","SC","C","Urchin","Before",0.005261773,0.042357274,0.142067877,0,0.078926598,0,0,0,0,0,0,0,0,0,0,0,0,0.026308866,0,0,0,0,0.173638516,0,0.010523546,0,0,0,0,0.010523546,0,0,0,0,0,0,0,0,0,0,0.005261773,0.005261773,0,0.194685609,0.047355959,0,0,0.13154433,0,0,0,0,0,0,0,0,0,0.021047093,0,0,0,0,0,0,0.005261773,0,0,0,0,0.099973691,0
"17","P1011094_IJ","SC","C","Urchin","Before",0,0.110948905,0.017518248,0,0.19270073,0,0,0.058394161,0,0,0.070364964,0.029489051,0,0,0,0,0,0,0,0,0,0,0,0,0.023357664,0,0,0,0,0.023357664,0,0,0,0,0,0,0.000291971,0,0,0.005839416,0.006131387,0,0,0.157956204,0.017518248,0,0,0.128467153,0,0,0,0,0,0,0,0,0,0.011678832,0,0,0,0,0,0,0,0,0,0,0,0.145985401,0
"18","P1011096_IJ","SC","C","Urchin","Before",0,0.052083333,0.161458333,0,0.125,0,0,0.010416667,0.026041667,0,0,0,0,0,0,0.005208333,0,0.005208333,0,0,0,0,0,0,0,0,0,0,0,0,0,0,0,0,0,0,0,0,0,0,0,0,0,0.192708333,0.239583333,0,0,0.119791667,0,0.005208333,0,0,0.010416667,0,0,0,0,0.005208333,0.010416667,0,0,0,0,0,0,0,0,0,0,0.03125,0
"19","P1011296_IJ","SC","4","Control","Before",0,0.029497664,0.082067757,0,0,0,0,0,0,0,0,0.005841121,0,0,0,0.035046729,0.087616822,0,0,0.029205607,0,0.011682243,0,0.011682243,0.052570093,0,0,0,0.052570093,0.005841121,0,0.017523364,0,0,0,0.023364486,0.000584112,0,0.011682243,0,0,0,0,0.181074766,0.04088785,0,0,0.087616822,0,0,0,0,0,0,0,0,0,0.023364486,0.005841121,0,0,0,0,0,0,0,0,0.146028037,0,0.058411215,0
"20","P1011297_IJ","SC","4","Control","Before",0.028661508,0.028661508,0.052163944,0,0,0,0,0,0,0.069360848,0,0,0,0,0,0,0,0,0,0,0,0,0.017196905,0.160504443,0.051590714,0,0,0,0.034393809,0.022929206,0,0.034393809,0,0,0,0.017196905,0.023789051,0.01748352,0,0.022929206,0,0,0,0.131842935,0.011464603,0,0,0.120378332,0.028948123,0,0,0,0,0,0,0.022929206,0,0.005732302,0,0,0,0,0,0,0,0,0,0,0,0.097449126,0
"21","P1011298_IJ","SC","4","Control","Before",0.010354647,0.01553197,0.098369143,0,0,0,0,0,0,0,0,0,0,0,0,0.041418587,0.191560963,0,0,0.052032099,0,0.010354647,0.025886617,0.025886617,0,0.010354647,0,0,0.04659591,0,0,0.005177323,0,0,0,0.051773233,0,0,0,0.005177323,0,0,0,0.1553197,0.088014497,0,0,0.088273363,0.005436189,0,0,0,0,0,0.005177323,0.010354647,0,0.03106394,0,0,0,0.020709293,0,0,0,0,0,0.005177323,0,0,0
"22","P1011300_IJ","SC","4","Control","Before",0,0.030023781,0.023781213,0,0.01783591,0.011890606,0,0,0,0,0,0,0,0,0,0.053507729,0.083234245,0.059750297,0,0.011890606,0,0,0,0,0.059453032,0,0,0,0.077288942,0.024078478,0,0,0,0,0,0.023781213,0,0,0,0,0,0.005945303,0,0.160523187,0.125148633,0,0,0.101070155,0,0,0,0,0,0,0,0.01783591,0,0.041617122,0,0,0,0,0,0,0,0,0,0,0,0.071343639,0
"23","P1011302_IJ","SC","4","Control","Before",0,0.127602253,0.034288513,0,0.088170463,0.029390154,0,0,0,0,0,0,0,0,0,0.014695077,0.132255694,0.014695077,0,0,0,0,0,0.029390154,0.029390154,0,0,0,0,0.019593436,0,0,0,0,0,0.000244918,0.000244918,0,0,0,0,0,0,0.068577027,0.073475386,0,0,0.068577027,0.009796718,0,0,0,0,0,0,0.004898359,0,0.009796718,0,0,0,0,0,0,0,0.009796718,0,0,0,0.235121234,0
"24","P1011303_IJ","SC","4","Control","Before",0,0,0.162607626,0,0,0.004920049,0,0,0,0,0,0.014760148,0,0,0,0.054120541,0.191881919,0,0,0.12300123,0,0,0,0.014760148,0.054120541,0,0,0,0.068880689,0,0,0,0,0,0,0.004920049,0,0,0,0,0.005166052,0,0,0.093726937,0.079212792,0,0,0.054120541,0.014760148,0,0,0,0,0,0,0,0.004920049,0.024600246,0.004920049,0,0,0,0,0,0,0,0.009840098,0,0,0.014760148,0
"25","P1011284_IJ","SC","5","Control","Before",0.009985022,0.030204693,0.049925112,0,0.164752871,0,0,0.110084873,0,0.004992511,0,0,0,0,0,0.034947579,0.009985022,0,0,0.024962556,0,0,0,0.009985022,0.004992511,0,0,0,0,0.009985022,0,0,0,0,0,0.019970045,0.000249626,0,0,0,0.009985022,0,0,0.130054918,0.109835247,0,0,0.164752871,0,0,0,0,0,0.014977534,0,0,0,0.015227159,0,0,0,0,0,0,0,0.010234648,0,0.004992511,0,0.054917624,0
"26","P1011285_IJ","SC","5","Control","Before",0,0.033699809,0.086042065,0,0.086042065,0,0,0,0,0.004780115,0.004780115,0,0,0,0,0.043021033,0.186424474,0,0,0,0,0,0.019120459,0.009560229,0.019120459,0,0,0,0,0.052581262,0,0,0,0,0,0,0,0,0,0,0,0,0,0.081500956,0.081500956,0,0,0.134082218,0,0,0,0,0,0,0,0.004780115,0.004780115,0.019120459,0,0,0,0,0,0,0,0,0,0,0.004780115,0.124282983,0
"27","P1011287_IJ","SC","5","Control","Before",0,0.047807713,0.058108822,0,0.095087163,0,0,0.142894876,0,0.047543582,0.00528262,0,0,0,0,0.00528262,0.01056524,0,0,0.015847861,0,0.015847861,0.042260961,0.01056524,0.015847861,0,0,0,0,0.042260961,0,0.00528262,0,0,0,0.00528262,0,0,0,0,0.00528262,0.00528262,0.00528262,0.100633914,0.074484945,0,0,0.090068674,0,0,0,0,0,0.00528262,0,0,0,0,0,0,0,0,0,0,0,0,0,0,0,0.137348125,0.01056524
"28","P1011289_IJ","SC","5","Control","Before",0,0.061628202,0.03550596,0,0.273903119,0,0,0.0253614,0.01521684,0,0,0,0,0,0,0,0.0760842,0.01014456,0,0,0,0.02028912,0,0.03043368,0.01521684,0,0,0,0,0.00507228,0,0.00507228,0,0,0,0,0,0,0,0,0,0,0,0.08622876,0.09130104,0,0,0.07101192,0,0,0,0,0,0,0,0,0,0.02028912,0,0,0.01014456,0,0,0,0,0,0,0,0,0.13187928,0
"29","P1011293_IJ","SC","5","Control","Before",0,0.061731557,0.102459016,0,0.046106557,0,0,0,0,0,0,0,0,0,0,0.035860656,0.071977459,0,0,0,0,0,0.061731557,0,0.066598361,0,0,0,0,0.046106557,0,0.010245902,0,0,0,0.030737705,0,0,0,0.005122951,0,0,0,0.12295082,0.082223361,0,0,0.138319672,0,0,0,0,0,0.020491803,0,0,0,0.020491803,0,0,0,0,0,0,0,0,0.005122951,0,0,0.071721311,0
"30","P1011294_IJ","SC","5","Control","Before",0,0.017502668,0.102454642,0,0.068303095,0.008537887,0,0.068303095,0,0.320170758,0,0,0,0,0,0.025613661,0,0,0,0,0,0,0.01280683,0,0.025613661,0,0,0,0,0.017075774,0,0.004268943,0,0,0,0.008751334,0,0,0,0,0.008537887,0,0,0.094130203,0.051227321,0,0,0.068516542,0,0,0,0,0,0,0,0,0,0.01280683,0,0,0,0,0,0,0,0,0.008537887,0,0,0.076840982,0
"31","P1011274_IJ","SC","7","Control","Before",0,0.100683491,0.036803365,0,0.036803365,0.010515247,0,0,0,0.16298633,0.010515247,0,0,0,0,0,0,0,0,0,0,0,0,0.015772871,0.0893796,0,0,0,0,0.026288118,0,0.015772871,0,0,0,0.068349106,0,0,0,0,0.010515247,0,0,0.005520505,0,0,0,0.189274448,0,0,0,0,0,0,0,0.010515247,0,0.015772871,0,0,0,0,0,0,0,0,0,0,0,0.194532072,0
"32","P1011278_IJ","SC","7","Control","Before",0,0.167630058,0.028901734,0,0.034682081,0,0,0,0,0,0.098265896,0,0,0,0,0.005780347,0,0,0,0,0,0,0,0.011560694,0.173410405,0,0,0,0,0.005780347,0,0.01734104,0,0,0,0.075144509,0,0,0,0.023121387,0.005780347,0,0,0,0,0,0,0.052023121,0,0,0,0,0,0,0,0.005780347,0,0,0,0,0,0,0,0,0,0,0,0,0,0.294797688,0
"33","P1011280_IJ","SC","7","Control","Before",0.011277136,0.135325627,0.084578517,0,0,0,0,0,0,0,0.045108542,0,0,0,0,0,0,0,0,0,0,0,0,0.039469975,0.135325627,0,0.039469975,0,0,0.011559064,0,0.011277136,0,0,0,0.05074711,0.000281928,0,0,0,0.011277136,0.005638568,0,0.079503806,0,0,0,0.073301381,0,0,0,0,0,0,0,0.005638568,0,0,0,0,0,0,0,0,0,0,0,0.006484353,0,0.253735551,0
"34","P1011281_IJ","SC","7","Control","Before",0,0.118125701,0.162738496,0,0.022446689,0,0,0,0,0,0.07295174,0,0,0,0,0.011223345,0,0,0,0.016835017,0,0,0,0,0.089786756,0,0,0,0,0.033670034,0,0,0,0,0,0.056116723,0.000561167,0,0,0,0,0,0,0.112233446,0,0,0,0.062008979,0,0,0,0,0,0,0,0,0,0,0,0,0,0,0,0,0,0,0,0,0,0.241301908,0
"35","P1011282_IJ","SC","7","Control","Before",0,0.133882595,0.190525232,0,0.030895984,0,0,0,0,0,0.061791967,0,0,0,0,0,0,0,0,0.005149331,0,0,0,0,0.128733265,0,0.041194645,0,0,0.025746653,0,0,0,0,0,0.025746653,0.0007724,0,0,0.005149331,0,0.005149331,0,0.041194645,0,0,0,0.159886715,0,0,0,0,0,0,0,0,0,0,0,0,0,0,0,0,0,0,0,0,0,0.144181256,0
"36","P1011283_IJ","SC","7","Control","Before",0,0.099365167,0.14904775,0,0.033121722,0,0,0,0,0,0.011040574,0,0,0,0,0,0,0,0,0,0,0,0,0,0.121446315,0,0.027601435,0,0,0.044162296,0,0,0,0,0,0.022081148,0.000276014,0,0,0,0.005520287,0,0,0.116202043,0,0,0,0.193486061,0,0,0,0,0,0,0,0.011040574,0,0,0,0,0,0,0,0,0,0,0,0,0,0.165608612,0
"37","P1010004_crop","SC","A","Urchin","End",0,0.142887931,0.043103448,0,0.099784483,0.004310345,0,0,0,0.017456897,0.017887931,0.004956897,0,0,0,0.004310345,0,0.00862069,0.004525862,0.00862069,0,0.004310345,0,0.034482759,0.008836207,0.004310345,0,0.004310345,0,0.018103448,0,0.000431034,0,0,0,0.005603448,0.000215517,0,0,0,0.034913793,0.004310345,0,0.215517241,0.129525862,0,0,0.065301724,0.004525862,0,0,0,0,0,0,0,0.004310345,0.013362069,0,0,0,0,0,0,0,0,0,0.004525862,0,0.086637931,0
"38","P1010005_crop","SC","A","Urchin","End",0,0.108136156,0.050435866,0,0.058945621,0.0124533,0,0,0,0.091324201,0.021378165,0.000207555,0,0,0.0041511,0,0,0.0041511,0,0,0.0041511,0.0166044,0,0.0166044,0.004358655,0.0124533,0,0,0,0.025529265,0,0.000207555,0,0,0,0.013075965,0.001452885,0,0,0.008509755,0.0249066,0.0041511,0,0.141137401,0.079078456,0,0,0.091739311,0.00041511,0,0,0,0,0,0,0,0,0.0041511,0,0,0,0,0,0,0,0,0,0.02158572,0,0.178704857,0
"39","P1010006_crop","SC","A","Urchin","End",0.004033071,0.101230087,0.395240976,0,0.105263158,0.004033071,0,0,0,0,0.004033071,0.004033071,0,0,0,0,0,0,0,0,0,0.004033071,0,0.044363783,0.004033071,0.008066142,0,0,0,0.060697721,0,0.000403307,0,0,0,0.012502521,0.014317403,0,0,0,0.020367009,0,0,0.030248034,0.008066142,0,0,0.025408348,0,0,0,0,0,0,0,0,0,0,0,0,0,0,0,0,0,0,0,0.008469449,0,0.141157491,0
"40","P1010008_IJ","SC","A","Urchin","End",0.076194086,0.075815011,0.504169826,0,0.007581501,0,0,0,0,0.011372252,0,0,0,0,0,0,0,0,0,0,0,0,0,0.022934041,0.030326005,0.015163002,0,0,0,0.057240334,0,0,0,0,0,0,0.00075815,0,0,0.015163002,0.003790751,0,0,0.054207733,0.011372252,0,0,0.079795299,0,0.003790751,0,0,0,0,0,0,0,0,0,0,0,0,0,0,0,0,0,0,0,0.030326005,0
"41","P1010009_IJ","SC","A","Urchin","End",0.073463573,0.102360602,0.187220187,0,0,0,0,0,0,0.000407,0.045380545,0,0,0,0,0,0,0,0,0,0,0,0,0.036630037,0.012820513,0.069393569,0,0,0,0.040903541,0,0.008343508,0,0,0,0.036833537,0.007122507,0,0,0,0.004273504,0,0,0.195360195,0.044973545,0,0,0.057183557,0,0,0,0.004070004,0,0,0,0,0,0,0,0,0,0,0,0,0,0,0,0,0.012210012,0.061050061,0
"42","P1010010_IJ","SC","A","Urchin","End",0.127115385,0.069615385,0.392307692,0,0,0.003846154,0,0,0,0,0.023461538,0.000192308,0,0,0.003846154,0,0,0,0,0,0,0,0,0.011730769,0.096153846,0,0,0,0,0.042307692,0,0.003846154,0,0,0,0.007692308,0.001730769,0,0,0.026923077,0.003846154,0,0,0.1,0.004038462,0,0,0.061923077,0.000192308,0,0,0,0,0,0,0,0,0,0,0,0,0,0,0,0,0,0,0.007692308,0,0.011538462,0
"43","P1010021_IJ","SC","B","Urchin","End",0.024911771,0.11625493,0.16192651,0,0,0.016607847,0,0.016607847,0,0,0.053975503,0,0,0,0,0,0,0,0,0,0,0,0,0.024911771,0.124558854,0,0.153622587,0,0,0.029063733,0,0.00435956,0,0.012871082,0,0.029063733,0.010172306,0,0,0,0.008511522,0,0,0,0,0.024911771,0,0.033630891,0,0,0,0,0,0,0.012455885,0,0,0.004151962,0,0,0,0,0,0,0,0,0.000415196,0,0,0.137014739,0
"44","P1010023_IJ","SC","B","Urchin","End",0.071462376,0.14221486,0.208471368,0,0.004732608,0,0,0,0,0,0.033364884,0,0,0,0,0,0,0,0,0,0,0.018930431,0,0.009465215,0.056791292,0.009465215,0.023663038,0,0,0.062233791,0,0,0,0,0,0.019640322,0.001656413,0.014434453,0,0,0.019403691,0,0,0.081164221,0,0,0,0.104353999,0.004732608,0,0,0,0,0.009465215,0.018930431,0,0,0.004732608,0,0,0,0,0,0,0,0,0.004732608,0,0,0.075958353,0
"45","P1010024_IJ","SC","B","Urchin","End",0.066627474,0.188124633,0.399764844,0,0,0,0,0,0,0,0,0,0,0,0,0,0,0,0,0,0,0,0,0.003919263,0.074466,0.003919263,0.003919263,0,0,0.024103469,0,0,0,0,0,0.031746032,0.002547521,0,0,0,0.024103469,0,0,0.101900843,0,0,0,0.059180874,0,0,0,0,0,0,0,0,0,0,0.007838526,0,0,0,0,0,0,0,0,0,0,0.007838526,0
"46","P1010025_IJ","SC","B","Urchin","End",0.029411765,0.172268908,0.43697479,0,0.029411765,0,0,0,0,0,0,0,0,0,0,0,0,0,0,0,0,0,0,0,0.037815126,0.004201681,0.004201681,0,0,0.013235294,0,0,0,0.000210084,0,0.008613445,0.00210084,0,0,0.004201681,0.021428571,0,0,0.092436975,0,0,0,0.038235294,0,0,0.004201681,0,0,0,0,0.004201681,0,0,0,0,0,0,0,0,0,0,0.004411765,0.004201681,0,0.088235294,0
"47","P1010026_IJ","SC","B","Urchin","End",0.132013201,0.118576143,0.400754361,0,0.004714757,0.009429514,0,0,0,0.000235738,0,0,0,0,0,0,0,0,0,0,0,0,0,0.018859029,0.004950495,0.000235738,0,0,0,0.014851485,0,0,0,0.014615747,0,0.009429514,0.005421971,0,0,0.009429514,0.023573786,0,0,0.062234795,0,0,0,0.019330504,0,0,0,0.019330504,0,0,0,0,0.004714757,0,0.004714757,0,0,0,0,0,0,0,0.004714757,0,0,0.11786893,0
"48","P1010027_IJ","SC","B","Urchin","End",0.037578288,0.171398747,0.434237996,0,0,0.004175365,0,0,0,0.004175365,0,0,0,0,0,0,0,0.008350731,0,0,0,0,0,0,0.02526096,0.004175365,0,0,0,0.008559499,0,0,0,0,0,0.008350731,0.00125261,0,0,0.004175365,0.029227557,0.004175365,0,0.096033403,0,0,0,0.029436326,0,0.012526096,0,0.025052192,0,0,0,0,0.004175365,0,0,0,0,0,0,0,0,0,0,0,0,0.087682672,0
"49","P1010084_IJ","SC","C","Urchin","End",0.013301352,0.013955517,0.47972089,0,0.008940253,0,0,0,0,0,0.031399913,0.004579154,0,0,0,0.004361099,0,0,0,0,0,0,0,0.013301352,0.004361099,0.004361099,0,0.004361099,0,0.017662451,0,0,0,0,0,0.004361099,0.00174444,0,0,0.021805495,0.004361099,0,0,0.226777148,0.061055386,0,0,0.048626254,0,0,0,0,0,0,0,0,0.008722198,0.004361099,0,0,0,0,0,0,0,0,0,0.004797209,0,0.013083297,0
"50","P1010086_IJ","SC","C","Urchin","End",0.035255603,0.172248804,0.257114077,0,0.010324855,0,0,0,0,0.010073029,0.01536137,0,0,0,0,0,0,0,0,0,0,0,0,0.125912868,0.00528834,0,0,0,0,0.025938051,0,0.00528834,0,0.071770335,0,0.010073029,0.002266432,0,0,0,0.015109544,0,0,0.096449257,0,0,0,0.070511206,0,0,0,0,0,0,0,0,0.010073029,0,0,0,0,0,0,0,0,0,0.010073029,0.005540166,0,0.045328633,0
"51","P1010087_IJ","SC","C","Urchin","End",0.01601281,0.052642114,0.412530024,0,0.044035228,0.004003203,0,0,0.008006405,0,0.004203363,0.00040032,0,0,0,0.004203363,0,0,0,0,0,0,0,0.008006405,0,0.004203363,0,0,0,0.040232186,0,0,0,0,0,0,0.00040032,0,0,0,0.008206565,0,0,0.152121697,0.03202562,0,0,0.120096077,0,0,0,0,0,0,0,0,0.008206565,0.01621297,0.00020016,0,0,0,0,0,0,0,0,0.004003203,0,0.060048038,0
"52","P1010088_IJ","SC","C","Urchin","End",0.09154013,0.092190889,0.607375271,0,0,0.004338395,0,0,0,0,0,0,0,0,0,0.004555315,0,0,0,0,0,0,0,0.017787419,0,0.013015184,0,0,0,0.009110629,0,0,0,0,0,0.004555315,0.005422993,0,0,0,0.004338395,0,0,0.09175705,0.004989154,0,0,0.014099783,0.00867679,0,0,0,0,0,0,0,0,0,0,0,0,0,0,0,0,0,0,0.008893709,0,0.017353579,0
"53","P1010089_IJ","SC","C","Urchin","End",0.042987746,0.008364131,0.233417623,0,0.027426571,0.007780587,0,0,0,0,0.01575569,0,0,0,0,0.003890294,0,0.054464112,0,0,0,0,0.027232056,0.023341762,0.019451469,0.031316864,0,0,0,0.011670881,0,0.003890294,0,0,0,0.000389029,0.000778059,0,0,0,0.007780587,0,0,0.311223497,0.035401673,0,0,0.066524023,0,0,0,0.007780587,0,0,0,0.019645983,0,0.003890294,0,0,0,0,0,0,0,0,0.000194515,0.019840498,0,0.015561175,0
"54","P1010091_IJ","SC","C","Urchin","End",0.020230067,0.123165411,0.178698929,0,0.103133677,0.01586672,0,0,0.023800079,0,0.024196747,0.004165014,0,0,0,0.008131694,0,0,0,0,0,0,0,0.019833399,0,0.00396668,0,0,0,0.016263388,0,0,0,0.004363348,0,0.00396668,0.00099167,0,0,0,0.00793336,0,0,0.111067037,0.040063467,0,0,0.091431971,0.00396668,0,0,0,0,0,0,0,0.023998413,0.019833399,0,0,0,0,0,0,0,0,0.000198334,0.00793336,0,0.142800476,0
"55","P1010073_IJ","SC","4","Control","End",0,0.09319182,0.07765985,0,0.020709293,0.005177323,0.025886617,0,0.005177323,0.160497023,0,0.020709293,0,0,0.005177323,0,0.03106394,0.005177323,0,0,0,0.005177323,0,0.036241263,0,0.005177323,0,0,0,0.020709293,0,0,0,0,0,0,0,0,0,0,0,0,0,0.196997152,0.047113642,0,0,0.129433083,0,0,0,0,0,0,0,0,0,0.005177323,0,0,0,0,0,0,0,0,0,0,0,0.103546466,0
"56","P1010074_IJ","SC","4","Control","End",0,0.009751341,0.034129693,0,0,0,0,0,0,0.170648464,0,0.014870795,0,0,0,0.029254022,0,0,0,0,0,0.08313018,0,0,0,0.009751341,0,0,0.112140419,0,0,0,0,0,0,0,0,0,0.009751341,0,0,0,0,0.346172599,0.073135056,0,0,0.068259386,0,0,0,0,0,0,0,0,0,0.00487567,0.009751341,0,0.00487567,0,0,0,0,0,0,0,0,0.019502682,0
"57","P1010075_IJ","SC","4","Control","End",0.004804228,0.009608455,0.06245496,0,0,0,0,0,0,0.038433822,0,0,0,0,0,0.02426135,0,0,0,0,0,0,0.004804228,0.129714148,0,0.033629594,0,0,0.100888782,0.009608455,0,0.004804228,0,0,0,0.004804228,0,0,0.004804228,0,0,0,0,0.490031227,0,0,0,0.033629594,0.00528465,0,0,0,0,0,0,0,0.009608455,0,0,0,0,0,0,0,0,0,0,0,0,0.028825366,0
"58","SC4_35_090922_IJ","SC","4","Control","End",0,0,0.101657459,0,0.008839779,0.00441989,0,0,0,0.229834254,0,0.013922652,0,0,0,0.026519337,0,0,0,0,0,0,0,0.101657459,0.00441989,0.013259669,0,0,0.079558011,0,0,0,0,0,0,0,0.000220994,0,0.119337017,0,0,0,0,0.194475138,0.035359116,0,0,0.026519337,0.013480663,0,0,0,0,0,0,0,0,0.013259669,0,0,0,0,0,0,0,0,0,0,0,0.013259669,0
"59","SC4_51_090922_IJ","SC","4","Control","End",0,0.009789525,0.078316202,0,0,0,0,0,0,0,0,0.005384239,0,0,0,0.01957905,0,0,0,0.014684288,0,0.004894763,0,0.009789525,0,0.01957905,0,0,0.083210964,0.004894763,0,0,0,0,0,0.014929026,0,0,0.004894763,0,0,0,0,0.455212922,0.019823789,0,0,0.068771415,0.009789525,0,0,0,0,0,0,0,0,0.004894763,0.004894763,0,0,0,0,0,0,0,0,0.13215859,0.000244738,0.034263338,0
"60","SC4_52_090922_IJ","SC","4","Control","End",0,0.009376465,0.023441163,0,0,0,0,0,0,0.201593999,0,0.014299109,0,0,0,0.014064698,0,0,0,0.023441163,0,0,0.01875293,0.014064698,0.004688233,0,0,0,0.046882325,0,0,0,0,0,0,0.023441163,0.000234412,0,0.004688233,0.014064698,0.004688233,0,0,0.360993905,0.05180497,0,0,0.080168776,0.018987342,0,0,0,0,0,0,0,0.004688233,0.014064698,0,0,0.004688233,0.03750586,0,0,0,0,0,0.004688233,0,0.004688233,0
"61","P1010063_IJ","SC","5","Control","End",0,0.043442846,0.03801249,0,0.048873201,0,0,0.103176758,0,0.152049959,0,0,0,0,0,0.021721423,0.03801249,0.005430356,0,0,0,0,0.016291067,0.054303557,0,0.021721423,0,0,0,0.032853652,0,0.005430356,0,0,0,0.005430356,0,0.016291067,0,0,0.021721423,0,0,0.059733913,0.054303557,0,0,0.184632093,0.000543036,0,0,0,0,0,0,0,0.005430356,0,0,0,0,0,0,0,0,0,0,0,0,0.070594624,0
"62","P1010064_IJ","SC","5","Control","End",0,0.045385779,0.025214322,0,0.065557237,0,0,0,0,0.095814423,0,0.000252143,0,0,0,0.020171457,0.030257186,0,0,0,0,0,0,0.015128593,0.005042864,0,0,0,0,0.015380736,0,0,0,0,0,0.005042864,0,0.005042864,0,0,0.000252143,0,0,0.282652547,0.025466465,0,0,0.196923853,0,0,0,0,0,0.005042864,0,0,0,0,0,0,0,0,0,0,0,0,0.015128593,0.005042864,0,0.141200202,0
"63","P1010066_IJ","SC","5","Control","End",0,0.01517067,0.06573957,0,0.065992415,0.00505689,0,0,0,0.14664981,0,0.00505689,0,0,0,0.01517067,0,0,0,0,0,0,0.00505689,0.02022756,0,0.00505689,0,0,0,0.036409608,0,0.000252845,0,0,0,0.00505689,0.000252845,0.01517067,0,0,0,0,0,0.227560051,0.055878635,0,0,0.23312263,0.001011378,0,0,0,0,0,0,0,0.00505689,0,0,0,0.005309735,0,0,0,0,0,0,0,0,0.06573957,0
"64","SC5_34_090922_IJ","SC","5","Control","End",0,0.034921427,0.154652033,0,0.014966326,0,0,0.019955101,0,0.02020454,0,0.010226989,0,0,0,0.034921427,0.004988775,0.024943876,0.014966326,0,0,0,0.049887753,0.024943876,0.019955101,0.024943876,0,0,0,0.019955101,0,0,0,0,0,0,0.010476428,0,0,0,0.010226989,0,0,0.284609628,0.045397855,0,0,0.09478673,0.000249439,0,0,0,0,0,0,0,0.004988775,0,0.004988775,0,0,0,0.004988775,0,0,0,0,0,0,0.064854078,0
"65","SC5_47_090922_IJ","SC","5","Control","End",0.005149331,0.108135942,0.066941298,0,0.051493306,0.015447992,0,0.061791967,0.010298661,0.077239959,0,0.005149331,0,0,0,0.010298661,0.046343975,0,0,0,0,0,0,0.010298661,0,0.005149331,0,0,0,0.020597322,0,0,0,0,0,0.005149331,0,0,0,0,0.005149331,0,0,0.066941298,0.021112255,0,0,0.308959835,0,0,0,0,0,0.021112255,0,0,0,0,0,0,0,0,0,0,0,0,0.005149331,0,0,0.072090628,0
"66","SC5_49_090922_IJ","SC","5","Control","End",0.005204267,0.015612802,0.06245121,0,0.026021337,0,0,0.140515222,0,0.161332292,0,0,0,0,0,0.026021337,0.015612802,0,0,0,0,0,0.000260213,0,0.005204267,0.02081707,0,0,0,0.010928962,0,0,0,0,0,0,0,0,0,0,0,0,0,0.29143898,0.067655477,0,0,0.130106687,0,0,0,0,0,0,0,0,0,0,0,0,0,0,0.005204267,0,0,0,0,0,0,0.015612802,0
"67","P1010040_IJ","SC","7","Control","End",0.005230126,0.041841004,0.094142259,0,0,0,0,0,0,0.005230126,0.010460251,0,0,0,0,0,0,0,0,0,0,0,0,0.015690377,0.052301255,0.10460251,0.10460251,0,0,0.026412134,0,0,0,0,0,0.015690377,0.005491632,0,0,0,0.005230126,0.010460251,0,0.02667364,0,0,0,0.339958159,0,0,0,0,0,0,0.031380753,0,0,0,0,0,0,0,0,0,0,0,0,0,0,0.10460251,0
"68","P1010041_IJ","SC","7","Control","End",0,0.102635876,0.205271752,0,0.009330534,0,0,0,0,0.027991603,0.046885934,0,0,0,0,0.004665267,0.013995801,0,0,0,0,0,0,0,0.018661068,0.07930954,0.023326335,0,0,0.041987404,0,0.004665267,0,0,0,0.023326335,0.000233263,0,0,0,0,0.00489853,0,0.093771868,0,0,0,0.205505015,0,0,0,0,0,0,0,0,0,0,0,0,0,0,0,0,0,0,0,0,0,0.093538605,0
"69","P1010042_IJ","SC","7","Control","End",0.005171968,0.067235583,0.139643134,0,0.005171968,0,0,0,0,0.005171968,0.087923455,0,0,0,0,0.010343936,0.010343936,0,0,0,0,0,0,0.020687872,0.015515904,0.134471166,0.077579519,0,0,0.036720972,0,0,0,0,0,0.051719679,0.000517197,0,0,0,0.005171968,0.005171968,0,0.119213861,0,0,0,0.04189294,0,0,0,0,0,0,0,0,0,0,0,0,0,0,0,0,0,0,0,0,0,0.160331006,0
"70","SC7_2_090922_IJ","SC","7","Control","End",0,0.082554856,0.039104932,0,0.013034977,0,0,0,0,0.291114491,0.008689985,0,0,0,0,0,0,0,0,0,0,0,0,0,0.065174886,0,0,0,0,0.013252227,0,0.008689985,0,0,0,0.034759939,0.00021725,0,0,0.004344992,0,0.004344992,0,0.004562242,0,0,0,0.169454703,0,0,0,0,0,0,0,0,0,0.01737997,0.004344992,0,0,0,0,0,0,0,0.004344992,0,0,0.234629589,0
"71","SC7_3_090922_IJ","SC","7","Control","End",0,0.097843728,0.088105727,0,0.004637144,0,0,0,0,0,0.125202875,0,0,0,0,0,0,0.004637144,0,0,0,0,0,0.004637144,0.125202875,0,0.069557153,0,0,0.028054718,0,0,0,0,0,0.023649432,0.000927429,0,0,0.004637144,0.004869001,0,0,0.056109437,0,0,0,0.222582889,0,0,0,0,0,0,0,0,0,0.004637144,0.014143288,0,0,0,0,0,0,0,0,0,0,0.120565732,0
"72","SC7_5_090922_IJ","SC","7","Control","End",0,0.180684018,0.081738008,0,0,0,0,0,0,0,0.09894601,0,0,0,0.008604001,0.017208002,0,0,0,0,0,0,0,0.004302,0.116154012,0,0.008604001,0,0,0.017208002,0,0.0045171,0,0,0,0.056356206,0.017638202,0,0,0,0.021510002,0.013121101,0,0,0,0,0,0.069047107,0,0,0,0,0,0,0,0,0,0,0.004302,0,0,0,0,0,0,0,0.0004302,0.004302,0,0.271026027,0.004302
"73","P1011192_IJ","PG","PA","Urchin","Before",0,0.150912997,0.064446831,0,0.107411386,0,0,0,0.096670247,0.010741139,0,0,0,0,0,0.037593985,0,0.021482277,0,0,0,0,0,0.010741139,0,0,0.037593985,0,0,0.053705693,0,0,0,0,0,0.016111708,0,0,0,0,0.010741139,0,0,0.091568206,0,0,0,0,0.010741139,0,0,0,0,0,0,0.021750806,0,0,0,0,0,0,0,0,0,0.021482277,0,0.005370569,0,0.22556391,0.005370569
"74","P1011193_IJ","PG","PA","Urchin","Before",0,0.163800164,0.081900082,0,0.136500137,0,0,0,0.021840022,0,0,0,0.022113022,0,0,0.005460005,0,0.005460005,0,0,0,0.016380016,0,0.016380016,0.005460005,0,0,0,0,0.038220038,0,0,0,0,0,0.005460005,0,0,0,0,0,0,0,0.103740104,0,0,0,0.005460005,0.033033033,0,0,0,0,0,0,0.010920011,0.010920011,0,0,0,0,0,0,0,0,0,0,0,0,0.294840295,0.022113022
"75","P1011198_IJ","PG","PA","Urchin","Before",0,0.09055355,0.102286402,0,0,0.126654633,0,0,0.102286402,0.012033694,0,0.006016847,0.006016847,0,0,0,0,0,0,0,0,0.012033694,0,0.012033694,0.024067389,0,0,0,0,0.030385078,0,0,0,0,0,0,0,0,0,0,0,0,0,0.084536703,0,0,0,0,0.036101083,0,0,0,0,0,0,0.018050542,0,0,0,0,0,0,0,0,0,0.012033694,0,0,0,0.324909747,0
"76","P1011200_IJ","PG","PA","Urchin","Before",0,0.045226131,0.106085985,0,0.117252931,0,0,0,0.011166946,0.016750419,0,0.005583473,0,0,0,0.011166946,0,0.027917365,0,0,0,0.011166946,0,0.011166946,0.016750419,0,0.022333892,0,0,0.061418202,0,0,0,0,0,0.022333892,0,0,0,0.033500838,0,0,0,0.089335567,0,0,0,0,0.050251256,0,0,0,0,0,0,0.022333892,0,0,0,0,0,0,0,0,0,0.027917365,0,0,0,0.290340592,0
"77","P1011203_IJ","PG","PA","Urchin","Before",0,0.038967248,0.554625867,0,0,0.071718862,0,0,0.047812575,0.014343772,0,0,0,0,0,0,0,0,0,0,0,0.01912503,0,0,0.014343772,0,0.004781257,0,0,0,0,0,0,0,0,0,0,0,0,0,0,0,0,0.090843892,0,0,0,0,0.004781257,0,0,0,0,0,0,0,0,0.004781257,0,0,0,0,0,0,0,0,0,0,0,0.133875209,0
"78","P1011205_IJ","PG","PA","Urchin","Before",0,0.073252877,0,0,0.174010665,0,0,0.033679484,0,0,0,0,0,0,0,0,0,0.028066236,0,0,0,0,0,0.011226495,0.016839742,0,0.039292731,0,0,0.078585462,0,0.005613247,0,0,0,0.016839742,0.000280662,0,0,0,0,0,0,0.044905978,0,0,0,0,0.033679484,0,0,0,0,0,0,0.011226495,0,0.005613247,0,0,0,0,0,0,0,0.011507157,0,0,0,0.415380298,0
"79","P1011212_IJ","PG","PB","Urchin","Before",0,0.102595198,0.198884308,0,0.101867572,0,0,0.087315062,0,0,0,0.009701674,0,0,0,0,0,0,0,0,0,0,0,0.004850837,0,0.01455251,0,0,0,0.01455251,0,0,0,0,0,0.004850837,0,0,0,0,0,0,0.004850837,0.126121756,0.106718409,0,0,0.009701674,0.01455251,0,0,0,0,0,0,0.009701674,0,0.009701674,0,0,0,0,0,0,0,0,0,0,0,0.17948096,0
"80","P1011208_IJ","PG","PB","Urchin","Before",0.009801519,0.102915952,0.328350894,0,0.102915952,0,0,0.00490076,0,0,0,0.00490076,0,0,0,0,0,0,0,0,0,0,0,0,0.044106837,0,0,0,0,0.009801519,0,0,0,0,0,0,0,0,0,0,0.014702279,0,0,0.166625827,0.098015192,0,0,0.024503798,0.014947317,0,0,0,0,0,0,0.009801519,0,0,0,0,0,0,0,0,0,0.009801519,0,0,0,0.053908356,0
"81","P1011216_IJ","PG","PB","Urchin","Before",0.010301313,0.124130827,0.278135462,0,0.066958537,0.005150657,0,0,0.005150657,0,0,0,0,0,0,0,0,0,0,0,0,0,0,0,0.020602627,0,0,0,0,0.072109194,0,0,0,0,0,0.025753284,0,0,0,0,0.010301313,0,0,0.113314448,0.046613443,0,0,0,0.020602627,0,0,0,0,0,0,0,0,0,0,0,0,0,0,0,0,0.010301313,0,0.010301313,0,0.169971671,0.010301313
"82","P1011218_IJ","PG","PB","Urchin","Before",0.015868818,0.127215022,0.238032267,0,0.100502513,0.005289606,0,0,0.031737636,0,0,0,0,0,0,0,0,0,0,0,0,0,0,0,0,0.005289606,0,0,0,0,0,0,0,0,0,0,0,0,0,0,0,0,0,0.158688178,0.095212907,0,0,0,0.02644803,0,0,0,0,0,0,0,0,0,0,0,0,0,0,0,0,0.005289606,0,0.010579212,0,0.179846601,0
"83","P1011222_IJ","PG","PB","Urchin","Before",0.005202914,0.088969823,0.145681582,0,0.197710718,0,0,0,0.010405827,0.005463059,0,0.015608741,0,0,0,0,0,0,0,0,0,0.010405827,0,0,0.031217482,0,0,0,0,0.015608741,0,0,0,0,0,0.005202914,0,0,0,0,0.020811655,0,0,0.109261186,0.098855359,0,0,0.005463059,0.031217482,0,0,0,0,0,0,0,0,0,0,0,0,0,0,0,0,0.015608741,0,0,0,0.187304891,0
"84","P1011224_IJ","PG","PB","Urchin","Before",0,0.151523948,0.150943396,0,0.133526851,0.005805515,0,0,0,0,0,0,0,0,0,0,0,0,0,0,0,0,0,0,0.005805515,0.023222061,0,0,0,0.040638607,0,0,0,0,0,0.017416546,0.000580552,0,0,0,0,0.01161103,0,0.174165457,0.040928882,0,0,0.01161103,0.029027576,0,0,0,0,0,0,0,0,0,0,0,0,0,0,0,0,0.017416546,0,0,0,0.162554427,0.023222061
"85","P1011258_IJ","PG","PC","Urchin","Before",0.016474465,0.230642504,0.263591433,0,0.203185063,0.005491488,0,0,0.005491488,0,0,0,0,0,0,0,0,0,0,0,0,0,0,0,0.038440417,0,0,0,0,0.005491488,0,0,0,0.06040637,0,0,0,0,0,0,0,0,0,0.126853377,0,0,0,0,0,0,0,0,0,0,0,0,0,0,0,0,0,0,0,0,0,0,0,0,0,0.043931906,0
"86","P1011260_IJ","PG","PC","Urchin","Before",0.030120482,0.204819277,0.397590361,0,0.15060241,0,0,0,0,0,0,0,0,0,0,0,0,0,0,0,0,0,0,0,0,0,0,0,0,0,0,0,0,0,0,0,0,0,0,0,0,0,0,0.204819277,0,0.012048193,0,0,0,0,0,0,0,0,0,0,0,0,0,0,0,0,0,0,0,0,0,0,0,0,0
"87","P1011265_IJ","PG","PC","Urchin","Before",0.067020385,0.223401285,0.256911477,0,0.167550963,0,0,0,0,0,0.005585032,0,0.005585032,0,0,0,0,0,0,0,0,0,0,0.005585032,0.100530578,0,0,0,0,0.022340128,0,0,0,0,0,0,0.000279252,0,0,0,0.005585032,0,0,0.134040771,0,0,0,0,0,0,0,0,0,0,0,0,0,0,0,0,0,0,0,0,0,0,0,0.005585032,0,0,0
"88","P1011267_IJ","PG","PC","Urchin","Before",0.022844089,0.159908624,0.285551114,0,0.239862935,0,0,0,0,0,0,0.011422045,0.006282125,0,0,0,0,0,0,0,0,0,0,0,0.108509423,0,0,0,0,0.022844089,0,0,0,0,0,0.005711022,0.005711022,0,0,0,0.005711022,0,0,0.114220445,0,0.011422045,0,0,0,0,0,0,0,0,0,0,0,0,0,0,0,0,0,0,0,0,0,0,0,0,0
"89","P1011268_IJ","PG","PC","Urchin","Before",0.068728522,0.187441425,0.212433614,0,0.19993752,0.00656045,0,0,0,0,0.006248047,0,0,0,0,0,0,0,0,0,0,0,0,0,0.04998438,0,0,0,0,0,0,0,0,0,0,0.012496095,0,0,0,0.006248047,0,0,0,0.249921899,0,0,0,0,0,0,0,0,0,0,0,0,0,0,0,0,0,0,0,0,0,0,0,0,0,0,0
"90","P1011270_IJ","PG","PC","Urchin","Before",0.033333333,0.377777778,0.066666667,0,0.233333333,0.005555556,0.011111111,0,0.027777778,0,0.005555556,0,0,0,0,0,0,0,0,0,0,0,0,0.027777778,0.005555556,0,0,0,0,0,0,0,0,0.122222222,0,0,0,0,0,0,0,0,0,0.083333333,0,0,0,0,0,0,0,0,0,0,0,0,0,0,0,0,0,0,0,0,0,0,0,0,0,0,0
"91","P1011226_IJ","PG","PG1","Control","Before",0,0.113379397,0.043969849,0,0.138190955,0,0,0,0,0.188442211,0.012562814,0.050251256,0,0,0,0,0.163316583,0,0,0,0,0,0,0.050565327,0,0,0,0,0,0.038002513,0,0.006281407,0,0,0,0.018844221,0.012562814,0,0,0,0.050251256,0,0,0,0,0,0,0,0.012876884,0,0,0,0,0,0,0,0,0.012562814,0,0,0,0,0.006281407,0,0,0,0,0.006281407,0.075376884,0,0
"92","P1011227_IJ","PG","PG1","Control","Before",0,0.112801852,0.039695667,0,0.152166722,0,0,0,0,0.211710222,0,0.026463778,0,0,0,0,0.205094277,0,0,0,0,0.013231889,0,0.019847833,0.052927555,0,0,0,0,0.046311611,0,0.006615944,0,0,0,0,0.000661594,0,0,0,0.033079722,0,0,0,0,0,0,0,0.019847833,0,0,0,0,0,0,0,0,0,0,0,0,0,0.013231889,0,0,0,0,0,0.046311611,0,0
"93","P1011229_IJ","PG","PG1","Control","Before",0,0.11420414,0.028551035,0,0.17130621,0,0,0.014275517,0,0.021413276,0.042826552,0.007137759,0.007137759,0,0,0,0,0,0,0,0,0,0,0.014275517,0,0,0.221270521,0,0,0.107066381,0,0,0,0,0,0.007137759,0.000713776,0,0,0,0.021413276,0,0,0,0,0,0,0,0.007137759,0,0,0,0,0,0,0,0,0,0,0,0,0,0,0,0,0,0,0,0.021413276,0.178443969,0.014275517
"94","P1011231_IJ","PG","PG1","Control","Before",0,0.300932892,0,0,0.192597051,0.006018658,0,0,0.030093289,0.006018658,0.018055974,0.018055974,0.006319591,0,0,0.006018658,0,0.048149263,0,0,0,0,0,0,0.012037316,0,0.066205236,0,0,0.030093289,0,0,0,0,0,0.006018658,0.000601866,0.006018658,0,0,0.012037316,0.006018658,0,0,0,0,0,0,0.006018658,0,0,0,0,0,0,0,0,0,0,0,0,0,0,0,0,0.036111947,0,0,0.006018658,0.180559735,0
"95","P1011233_IJ","PG","PG1","Control","Before",0,0.508146921,0.016570008,0,0.110466722,0,0,0.044186689,0,0.055233361,0.016570008,0.005523336,0,0,0,0.005523336,0.038663353,0,0,0,0,0,0,0,0.016570008,0,0.022093344,0,0,0.011046672,0,0,0,0,0,0.011046672,0.000276167,0,0,0.005523336,0.011046672,0,0.005523336,0,0,0,0,0,0.016570008,0,0,0,0,0,0,0.005523336,0,0,0,0,0,0,0,0,0,0,0,0,0.011046672,0.082850041,0
"96","P1011234_IJ","PG","PG1","Control","Before",0,0.309782609,0.027173913,0,0.10326087,0.005434783,0,0.239130435,0.005434783,0.032608696,0.016304348,0.010869565,0.005434783,0,0,0,0.054347826,0,0,0,0,0,0,0.010869565,0.005434783,0,0,0,0,0.016304348,0,0,0,0,0,0.005434783,0,0,0,0,0.005434783,0,0,0,0,0,0,0,0.010869565,0,0,0,0,0,0,0.005434783,0.010869565,0,0,0,0,0,0.005434783,0,0,0,0,0,0.032608696,0.081521739,0
"97","P1011238_IJ","PG","PG3","Control","Before",0,0.078921407,0.019730352,0,0.138112463,0.013153568,0,0,0.006576784,0.026307136,0,0.052614272,0.013153568,0,0,0,0.203880303,0,0,0,0,0,0,0.006576784,0,0,0.184149951,0,0,0.026307136,0,0.006576784,0,0,0,0.026307136,0,0,0,0,0.026307136,0,0,0,0,0,0,0,0.052614272,0,0,0,0,0.006576784,0,0.013153568,0,0,0,0,0,0,0,0,0,0.039789543,0,0,0,0.059191056,0
"98","P1011240_IJ","PG","PG3","Control","Before",0,0.162209711,0.056650246,0,0.253342716,0,0,0,0,0.007037298,0,0,0,0,0,0,0,0,0,0,0,0,0,0,0,0,0.232230823,0,0,0,0,0,0,0,0,0.014074595,0,0,0,0,0.028149191,0,0,0,0,0,0,0,0.035186488,0,0,0,0,0.021111893,0,0.007037298,0,0,0.014074595,0,0,0,0,0,0,0.021111893,0,0,0,0.147783251,0
"99","P1011241_IJ","PG","PG3","Control","Before",0,0.258503401,0.06122449,0,0.19047619,0,0,0,0,0.027210884,0,0,0,0,0,0,0,0,0,0,0,0.013605442,0,0,0,0,0.06122449,0,0,0.040816327,0,0,0,0,0,0.040816327,0,0,0,0,0.027210884,0,0,0,0,0,0,0,0.074829932,0,0,0,0,0.013605442,0,0.006802721,0,0,0,0,0,0,0,0,0,0.040816327,0,0.006802721,0,0.136054422,0
"100","P1011242_IJ","PG","PG3","Control","Before",0.005523336,0.331400166,0.066280033,0,0.209886772,0,0,0,0,0.022093344,0.011322839,0.011046672,0.016570008,0,0,0,0.011046672,0,0,0,0,0,0,0.011046672,0.005523336,0,0.005523336,0,0,0.055233361,0,0,0,0,0,0.022093344,0,0,0,0,0.005523336,0,0,0,0,0,0,0.016570008,0.044186689,0,0,0,0,0.022093344,0,0.011046672,0,0,0,0,0,0,0,0,0,0.038663353,0.005523336,0,0,0.071803369,0
"101","P1011245_IJ","PG","PG3","Control","Before",0,0.117372263,0.256934307,0,0.262773723,0.005839416,0,0,0.005839416,0,0,0.011678832,0,0,0,0,0.128467153,0,0,0,0,0,0,0,0.011678832,0,0.023357664,0,0,0.011678832,0,0,0,0.017518248,0,0,0,0,0,0,0.041167883,0,0,0.023941606,0,0,0,0.02919708,0.023357664,0,0,0,0,0,0,0.017518248,0,0,0,0,0,0,0,0,0,0,0,0,0,0,0.011678832
"102","P1011246_IJ","PG","PG3","Control","Before",0,0.13125,0.325,0,0.3125,0,0,0,0.0125,0.0125,0,0,0,0,0,0,0,0,0,0,0,0,0,0,0.01875,0,0,0,0,0.0125,0,0,0,0,0,0.00625,0,0,0,0,0.0125,0,0,0,0,0,0,0.0125,0.01875,0,0,0,0,0,0,0.00625,0,0,0,0,0,0,0,0,0,0.0375,0,0,0,0.08125,0
"103","P1011248_IJ","PG","PG6","Control","Before",0.060340099,0.115194734,0.120680197,0,0.20296215,0,0,0,0,0,0,0,0,0,0,0,0,0,0,0,0,0,0,0,0.010970927,0.208447614,0.038398245,0,0,0.065825562,0,0,0,0,0,0.027427318,0.023587493,0,0,0.065825562,0.016456391,0,0,0,0,0,0,0,0,0,0,0,0,0,0,0,0.010970927,0,0,0,0,0,0,0,0,0.005485464,0,0,0,0.027427318,0
"104","P1011250_IJ","PG","PG6","Control","Before",0.024390244,0.146341463,0.085365854,0,0.12195122,0,0,0,0,0,0,0,0,0,0,0,0,0,0,0,0,0,0,0,0,0.268292683,0.201219512,0,0,0.036585366,0,0,0,0,0,0.042682927,0,0,0,0.006097561,0.006097561,0,0,0,0,0,0,0.006097561,0.018292683,0,0,0,0,0,0,0.006097561,0,0,0,0,0,0,0,0,0,0.030487805,0,0,0,0,0
"105","P1011251_IJ","PG","PG6","Control","Before",0.037002775,0.092815294,0.289855072,0,0.148011101,0,0,0,0,0,0,0,0,0,0,0.012334258,0,0,0,0,0,0,0,0.012334258,0.006167129,0.030835646,0.296022202,0,0,0.012334258,0,0,0,0,0,0.006167129,0.000616713,0,0,0.018501388,0.012334258,0,0,0,0,0,0,0,0.006167129,0,0,0,0,0,0,0,0,0,0,0,0,0,0,0,0,0,0,0,0,0.018501388,0
"106","P1011253_IJ","PG","PG6","Control","Before",0.040472175,0.061720067,0.141652614,0,0.087689713,0,0,0,0,0,0,0,0,0,0,0,0,0,0,0,0,0,0,0.006745363,0.040472175,0.148397976,0.23608769,0,0,0.020236088,0,0,0,0,0,0.02698145,0.000674536,0,0.02698145,0.006745363,0.006745363,0,0,0,0,0,0,0,0,0,0,0,0,0,0,0,0,0,0.006745363,0,0,0,0,0,0,0,0,0,0,0.141652614,0
"107","P1011254_IJ","PG","PG6","Control","Before",0.036787247,0.055180871,0,0,0.147148988,0,0,0,0,0,0,0,0,0,0,0,0,0,0,0,0,0,0,0,0.012262416,0,0.6253832,0,0,0.006131208,0,0.006131208,0,0,0,0.018393624,0.000613121,0,0,0,0.030656039,0.006131208,0,0,0,0,0,0,0.006131208,0,0,0,0,0,0,0,0,0,0,0,0,0,0,0,0,0.012262416,0,0,0,0.036787247,0
"108","P1011256_IJ","PG","PG6","Control","Before",0.06090134,0.079171742,0.085261876,0,0.12180268,0,0,0,0,0,0,0,0,0,0,0.006090134,0,0,0,0,0,0,0,0,0.006090134,0,0.438489647,0,0,0.048721072,0,0,0,0,0,0,0.007308161,0,0,0,0.012180268,0,0,0,0,0,0,0.006090134,0.006090134,0,0,0,0,0,0,0,0,0,0,0,0,0,0,0,0,0.03045067,0,0,0,0.09135201,0
"109","P1010094_IJ","PG","PA","Urchin","End",0.028358738,0.226869904,0.134704006,0,0.106345268,0,0,0,0,0,0,0,0,0,0,0,0,0,0,0,0,0,0,0.028358738,0.035448423,0.021269054,0.056717476,0,0,0.07798653,0,0,0,0,0,0.014179369,0.000354484,0,0,0,0.007089685,0,0,0.134704006,0,0,0,0,0.021269054,0,0,0,0,0,0,0,0,0,0,0,0,0,0,0,0,0.049627792,0,0,0.014179369,0.042538107,0
"110","P1010097_IJ","PG","PA","Urchin","End",0.005017561,0.08078274,0.58203713,0,0.005017561,0,0,0,0,0,0.010035123,0.005017561,0,0,0,0,0,0.115403914,0,0,0,0,0,0,0.060210738,0,0.030105369,0,0,0.015052684,0,0,0,0,0,0.015052684,0.000501756,0,0.005017561,0,0,0,0,0.055444054,0,0,0,0,0,0,0,0,0,0,0,0,0,0,0,0,0,0,0,0,0,0,0,0,0.010286001,0.005017561,0
"111","P1010098_IJ","PG","PA","Urchin","End",0,0.081618811,0.714447208,0,0.013565453,0,0,0,0,0,0,0,0,0,0,0,0,0,0,0,0,0,0,0.004521818,0.04069636,0,0.009043636,0,0,0.013565453,0,0,0,0.004521818,0,0.004521818,0,0,0,0,0.013565453,0,0,0.063757631,0,0,0,0.004521818,0.004521818,0,0,0,0,0,0,0,0,0,0.004521818,0,0,0.004521818,0,0,0,0.009043636,0,0.009043636,0,0,0
"112","P1010099_IJ","PG","PA","Urchin","End",0,0.086713996,0.425963489,0,0.076064909,0,0,0,0,0,0,0,0,0,0,0,0.035496957,0,0,0,0,0,0,0.045638945,0.055780933,0.005070994,0.050709939,0,0,0.005324544,0,0,0,0,0,0.005070994,0,0,0.005070994,0,0.005070994,0,0,0.061105477,0,0,0,0,0.02535497,0,0,0,0,0,0,0,0.015212982,0,0,0,0,0,0,0,0,0.035496957,0,0,0.005070994,0.055780933,0
"113","P1010101_IJ","PG","PA","Urchin","End",0,0.10719323,0.095909732,0.005641749,0.090267983,0,0,0,0,0,0,0,0,0,0,0,0,0,0,0,0,0.005641749,0,0.022566996,0.039492243,0,0.21438646,0,0,0.067700987,0,0,0,0,0,0.016925247,0.000846262,0,0.005641749,0.011283498,0.022566996,0,0,0.073624824,0,0,0,0,0.039492243,0,0,0,0,0,0,0,0,0,0,0,0,0,0,0,0,0.062059238,0,0,0.005923836,0.112834979,0.005641749
"114","P1010102_IJ","PG","PA","Urchin","End",0.012903226,0.103225806,0.012903226,0.005641749,0.103225806,0,0,0,0,0.025806452,0,0,0,0,0,0.019354839,0,0,0,0,0,0.038709677,0,0,0.019354839,0,0.051612903,0,0,0.116129032,0,0.006451613,0,0,0,0.04516129,0,0,0,0.006451613,0.019354839,0,0,0.270967742,0,0,0,0.006451613,0,0,0,0,0,0,0,0,0,0,0,0,0,0,0,0,0,0.025806452,0,0.006451613,0.006451613,0.103225806,0
"115","P1010104_IJ","PG","PB","Urchin","End",0.004422822,0.106147722,0.32728881,0.005641749,0.066342326,0,0,0,0,0,0,0.017691287,0,0,0,0.008845644,0.008845644,0,0,0,0,0,0,0.026536931,0.053073861,0,0,0,0,0.07518797,0,0,0,0,0,0.004422822,0,0,0,0,0.039805396,0,0,0.123839009,0.084033613,0,0,0.044449359,0.004422822,0,0,0,0,0,0,0,0,0.004643963,0,0,0,0,0,0,0,0,0,0,0,0,0
"116","P1010106_IJ","PG","PB","Urchin","End",0.005877167,0.205994711,0.199823685,0.005641749,0.117543344,0,0,0,0,0.005877167,0,0,0,0,0,0,0,0,0,0,0,0,0,0.005877167,0.011754334,0.029385836,0.005877167,0,0,0.035556862,0,0,0,0,0,0.029385836,0,0,0,0,0.035263003,0,0,0.129297679,0.111960035,0,0,0.035263003,0,0,0,0,0,0,0,0,0,0,0,0,0,0.005877167,0,0,0,0.023508669,0,0.005877167,0,0,0
"117","P1010108_IJ","PG","PB","Urchin","End",0.021592443,0.172739541,0.345479082,0.005641749,0.08097166,0,0,0,0.005398111,0,0,0,0.005398111,0,0,0,0,0,0,0,0,0,0,0,0.037786775,0,0,0,0,0.037786775,0,0,0,0,0,0.005398111,0.000809717,0,0,0,0,0,0,0.113360324,0.086639676,0,0,0.011066127,0.005398111,0,0,0,0,0,0,0,0,0,0,0,0,0,0,0,0,0,0,0,0.021592443,0.043184885,0.005398111
"118","P1010110_IJ","PG","PB","Urchin","End",0.015201419,0.13174563,0.405371168,0.005641749,0.050671396,0,0,0,0,0.025335698,0,0,0,0,0,0,0,0,0,0,0,0,0,0.00506714,0.010134279,0.020268558,0,0,0,0.071193311,0,0,0,0,0,0.015201419,0.011401064,0,0,0,0.015201419,0,0,0.13174563,0.045857613,0,0,0.010134279,0,0,0,0,0,0,0,0,0,0,0,0,0,0,0,0,0,0.020268558,0,0.00506714,0.010134279,0,0
"119","P1010111_IJ","PG","PB","Urchin","End",0.011820331,0.265957447,0.24822695,0.005641749,0.088652482,0,0,0,0.005910165,0.011820331,0,0,0.005910165,0,0,0,0,0,0,0,0,0,0,0,0.017730496,0.011820331,0.011820331,0,0,0.041666667,0,0,0,0,0,0.005910165,0.006205674,0,0,0,0.023640662,0,0,0.112293144,0.071513002,0,0,0.005910165,0,0,0,0,0,0,0,0,0,0,0.005910165,0,0,0,0,0,0,0.017730496,0.005910165,0,0.017730496,0.005910165,0
"120","P1010112_IJ","PG","PB","Urchin","End",0.015209125,0.137135615,0.557667934,0.005641749,0.040557668,0,0,0,0,0,0,0,0,0,0,0,0,0,0,0,0,0,0,0,0,0,0,0,0,0.010139417,0,0,0,0,0,0,0.000253485,0,0,0,0.005069708,0,0,0.091761724,0.076299113,0,0,0.015209125,0.005069708,0,0,0,0,0,0,0.005069708,0,0,0,0,0,0,0,0,0,0.015209125,0,0,0.005069708,0.020278834,0
"121","P1010179_IJ","PG","PC","Urchin","End",0.021152829,0.232681121,0.349021682,0.005641749,0.095716552,0,0,0,0,0.015864622,0,0.015864622,0,0,0,0,0,0,0,0.015864622,0,0,0,0,0.005288207,0.05817028,0,0,0,0.010576415,0,0,0,0.005288207,0,0,0,0,0,0,0.015864622,0,0,0.158646219,0,0,0,0,0,0,0,0,0,0,0,0,0,0,0,0,0,0,0,0,0,0,0,0,0,0,0
"122","P1010181_IJ","PG","PC","Urchin","End",0,0.407757335,0.308304326,0.005641749,0.074838389,0,0,0,0,0,0,0,0,0,0,0,0,0,0,0,0,0,0,0.009945301,0.029835903,0.034808553,0,0,0,0,0,0,0,0.030084535,0,0.00497265,0,0,0,0,0,0,0,0.094480358,0,0,0,0,0,0,0,0,0,0,0,0,0,0,0,0,0,0,0,0,0,0,0.00497265,0,0,0,0
"123","P1010182_IJ","PG","PC","Urchin","End",0.040723982,0.36199095,0.411764706,0.005641749,0.040723982,0,0,0,0,0,0,0,0,0,0,0,0,0,0,0,0,0,0,0,0,0.009049774,0,0,0,0,0,0,0,0.040723982,0,0,0,0,0,0,0.009049774,0,0,0.085972851,0,0,0,0,0,0,0,0,0,0,0,0,0,0,0,0,0,0,0,0,0,0,0,0,0,0,0
"124","P1010184_IJ","PG","PC","Urchin","End",0.009643202,0.327868852,0.414657666,0.005641749,0.067984571,0,0,0,0,0,0,0,0,0,0,0,0,0,0,0,0,0,0,0,0.010125362,0.033992285,0,0,0,0.004821601,0,0,0,0.034474446,0,0,0,0,0,0,0,0,0,0.096432015,0,0,0,0,0,0,0,0,0,0,0,0,0,0,0,0,0,0,0,0,0,0,0,0,0,0,0
"125","P1010185_IJ","PG","PC","Urchin","End",0.044334975,0.266009852,0.413793103,0.005641749,0.093596059,0,0,0,0,0,0,0,0.004926108,0,0,0,0,0,0.019704433,0,0,0,0,0,0.054187192,0,0,0,0,0.014778325,0,0,0,0,0,0,0,0,0,0,0,0,0,0.088669951,0,0,0,0,0,0,0,0,0,0,0,0,0,0,0,0,0,0,0,0,0,0,0,0,0,0,0
"126","P1010186_IJ","PG","PC","Urchin","End",0.046948357,0.536552649,0,0.053655265,0.187793427,0,0,0,0,0,0,0,0.026827632,0,0,0,0,0,0,0,0,0,0,0,0.033534541,0,0.013413816,0,0,0.013413816,0,0,0,0.067069081,0,0,0,0,0,0,0,0,0,0.061032864,0,0,0,0,0.013413816,0,0,0,0,0,0,0,0,0,0,0,0,0,0,0,0,0,0,0,0,0,0
"127","P1010117_IJ","PG","PG1","Control","End",0,0.109445634,0.033309541,0,0.161789198,0,0,0,0,0.318819891,0.014275517,0.028551035,0,0,0,0,0.166547704,0,0,0,0,0,0,0,0.019034023,0.023792529,0.004758506,0,0,0.052343564,0,0,0,0,0,0.009517012,0.000713776,0,0,0.009517012,0.023792529,0.004758506,0,0,0,0,0,0,0,0,0,0,0,0,0,0,0,0,0,0,0,0,0.004758506,0,0,0.009517012,0,0,0.004758506,0,0
"128","P1010119_IJ","PG","PG1","Control","End",0.015140045,0.343174363,0.070653545,0,0.121120363,0,0,0.085793591,0,0.010093364,0.020186727,0.025233409,0,0,0,0,0,0,0,0.010345698,0.010093364,0,0,0,0.035326773,0.005046682,0.090840273,0,0,0.025485743,0,0,0,0,0,0.005046682,0.005299016,0,0,0.005046682,0.025233409,0,0,0,0,0,0,0,0.005046682,0,0,0,0,0,0,0,0,0,0,0,0,0,0,0,0,0,0,0,0.030280091,0.0555135,0
"129","P1010120_IJ","PG","PG1","Control","End",0.011220196,0.073211781,0.005610098,0.005610098,0.12342216,0.028050491,0,0.016830295,0.005610098,0.044880785,0.039551192,0.039270687,0,0,0,0,0.022440393,0,0,0.005610098,0,0.011220196,0,0,0.022440393,0,0.437587658,0,0,0.051051893,0,0,0,0,0,0,0.000280505,0,0,0,0.016830295,0,0,0,0,0,0,0,0,0,0,0,0,0,0,0,0,0,0,0,0,0,0,0,0,0.022440393,0,0,0,0.022440393,0
"130","P1010121_IJ","PG","PG1","Control","End",0.005644934,0.180920124,0.022579735,0.005610098,0.203217612,0.011289867,0,0.011289867,0,0.033869602,0.045441716,0.028224668,0.011289867,0,0,0,0,0.056449337,0,0,0,0,0,0,0.022579735,0.005644934,0.135478408,0.011572114,0,0.039514536,0,0,0,0,0,0,0,0,0,0,0,0,0,0,0,0,0,0,0.005644934,0,0,0,0,0,0,0,0,0,0,0,0,0,0,0,0,0.022579735,0,0,0.039514536,0.10725374,0
"131","PG1_7_090923_IJ","PG","PG1","Control","End",0.005044136,0.110970996,0.020176545,0.005610098,0.116015132,0.005044136,0,0.10592686,0,0.141235813,0.015132409,0.035308953,0,0,0,0,0.030264817,0,0,0,0.015132409,0,0,0.010088272,0.025220681,0,0.237074401,0.010088272,0,0.020176545,0,0,0,0,0,0,0.001008827,0,0,0.010088272,0.020176545,0.005044136,0,0,0,0,0,0,0.000252207,0,0,0,0,0,0,0,0,0,0,0,0,0,0,0,0,0,0,0,0.04035309,0.020176545,0
"132","PG1_97_090923_IJ","PG","PG1","Control","End",0,0.072741393,0.036241263,0.005610098,0.196738286,0.010354647,0,0,0,0.336526016,0,0.03106394,0,0,0,0,0.098369143,0,0,0.005177323,0,0,0,0,0.082837173,0,0.04659591,0,0,0.04659591,0,0,0,0,0,0.005177323,0.010872379,0,0,0,0.005177323,0,0,0,0,0,0,0,0.005177323,0,0,0,0,0,0,0,0.005177323,0,0,0,0,0,0,0,0,0,0,0,0.005177323,0,0
"133","P1010134_IJ","PG","PG3","Control","End",0,0.075765717,0.386888769,0.005610098,0.247178936,0.026867276,0,0.016120365,0.005373455,0.042987641,0.01074691,0,0,0,0,0,0,0,0,0,0,0,0,0,0.032240731,0.005373455,0.042987641,0,0,0.026867276,0,0,0,0,0,0,0,0,0,0,0.016120365,0.005373455,0,0,0,0,0,0.037614186,0,0,0,0,0,0,0,0,0,0,0,0,0,0,0,0,0,0.021493821,0,0,0,0,0
"134","P1010135_IJ","PG","PG3","Control","End",0,0.270124257,0.01080497,0.005610098,0.421393841,0.01080497,0,0,0,0.054024851,0,0.005402485,0,0,0,0,0,0,0,0,0,0,0,0,0.01080497,0.054024851,0,0,0,0.02728255,0,0,0,0,0,0.016207455,0.000270124,0,0,0,0.01080497,0,0,0,0,0,0,0.032414911,0.021609941,0,0,0,0,0,0,0,0,0,0,0,0,0,0,0,0,0.032414911,0.005402485,0,0,0.016207455,0
"135","P1010136_IJ","PG","PG3","Control","End",0,0.298081777,0.030287733,0.005610098,0.212014134,0.010095911,0,0,0,0.035335689,0,0.030540131,0.015143867,0,0,0,0.010095911,0,0,0,0,0,0,0,0,0.0454316,0.050479556,0,0,0.050479556,0,0,0,0,0,0.005047956,0,0,0,0,0.035335689,0,0,0.005047956,0,0,0,0.0454316,0.035335689,0,0,0,0,0,0,0,0,0,0,0,0,0,0,0,0,0.075719334,0,0.005047956,0.005047956,0,0
"136","P1010137_IJ","PG","PG3","Control","End",0,0.104684638,0.052342319,0.005610098,0.366396231,0.031405391,0,0,0,0.057576551,0,0,0,0,0,0,0,0,0,0,0,0.010468464,0,0,0.026171159,0,0.130855797,0,0,0.068045014,0,0.010468464,0,0,0,0.015702696,0,0,0,0,0.031405391,0,0,0,0,0,0,0,0.015964407,0,0,0,0,0,0.005234232,0.005234232,0,0,0,0,0,0,0,0,0,0.036639623,0,0.005234232,0,0.026171159,0
"137","PG3_95_090923_IJ","PG","PG3","Control","End",0.045121263,0.078962211,0.067681895,0.005610098,0.13536379,0.039481105,0,0.005640158,0,0.084602369,0,0.028764805,0.005640158,0,0,0,0.056401579,0,0,0,0.005640158,0,0,0.005640158,0,0.005640158,0.310208686,0,0,0.006204174,0,0,0,0,0,0,0,0,0,0,0.011562324,0,0,0,0,0,0,0.005640158,0.011562324,0,0,0,0,0,0,0.005640158,0,0,0,0,0,0,0,0,0,0.033840948,0,0,0,0.050761421,0
"138","PG3_15_090923_IJ","PG","PG3","Control","End",0,0.142240049,0.02468374,0.005610098,0.419623573,0.02468374,0,0,0,0.02468374,0,0,0,0,0,0,0.086393089,0,0,0,0,0,0,0,0,0.043196544,0.129589633,0,0,0,0,0,0,0,0,0.018512805,0,0,0,0,0.01234187,0,0,0,0,0,0,0.030854674,0.006170935,0,0,0,0,0,0,0.006170935,0,0,0.006170935,0,0,0,0,0,0,0.02468374,0,0,0,0,0
"139","P1010176_IJ","PG","PG6","Control","End",0.033167496,0.014214641,0.047382137,0.005610098,0.104240701,0.042643923,0,0,0,0,0,0,0,0,0,0,0,0,0,0,0.009476427,0,0,0,0.004738214,0.142146411,0.502250652,0,0,0,0,0,0,0,0,0.018952855,0.000236911,0.014214641,0.018952855,0.009476427,0,0,0,0,0,0,0,0,0.004738214,0,0,0,0,0,0,0.004738214,0,0,0,0,0,0,0,0,0,0.018952855,0,0,0.009476427,0,0
"140","P1010177_IJ","PG","PG6","Control","End",0.026730821,0.058807805,0.187115744,0.005610098,0.213846565,0.021384657,0,0,0.021384657,0,0,0,0,0,0,0,0,0,0,0,0,0.010692328,0,0,0.010692328,0.016038492,0.352846832,0,0,0.032076985,0,0,0,0.005346164,0,0.010692328,0.000267308,0,0,0.005346164,0.010692328,0,0,0,0,0,0,0.005346164,0,0,0,0,0,0,0,0,0,0,0,0,0,0,0,0,0,0.005346164,0,0,0.005346164,0,0
"141","PG6_B_090923_IJ","PG","PG6","Control","End",0.005880623,0.205821817,0.182299324,0.005610098,0.21170244,0,0,0,0,0,0,0,0,0,0,0.005880623,0,0,0,0,0,0,0,0.005880623,0.03528374,0.07056748,0.1764187,0,0,0.029403117,0,0,0,0,0,0.011761247,0.000294031,0,0,0.005880623,0.005880623,0,0,0,0,0,0,0.011761247,0,0,0,0,0,0,0,0.005880623,0,0,0.011761247,0,0,0,0,0,0,0.01764187,0,0,0,0,0
"142","PG6_C_090923_IJ","PG","PG6","Control","End",0.010576415,0.121628768,0.084611317,0.005610098,0.222104707,0.042305658,0,0,0.005288207,0,0,0,0,0,0,0,0,0,0,0,0,0,0,0,0.005288207,0.095187731,0.343733474,0,0,0.037017451,0,0,0,0,0,0,0.000528821,0,0,0,0.010576415,0,0,0,0,0,0,0.010576415,0.005288207,0,0,0,0,0,0,0,0,0,0,0,0,0,0,0,0,0.005288207,0,0,0,0,0
"143","PG6_D_090923_IJ","PG","PG6","Control","End",0.022209883,0.127984453,0.111049417,0.005610098,0.155469184,0.005552471,0,0,0,0,0,0,0,0,0,0.005552471,0,0,0,0,0,0,0,0.005552471,0,0.111049417,0.283176013,0,0,0.033314825,0,0,0,0,0,0.022209883,0.000277624,0,0,0.011104942,0.016657413,0,0,0,0,0,0,0.011104942,0,0,0,0,0,0,0,0.005552471,0,0,0,0,0,0,0,0,0,0.044419767,0,0.016657413,0,0.011104942,0
"144","PG6_E_090923_IJ","PG","PG6","Control","End",0.023121387,0.075144509,0.213872832,0.005610098,0.289017341,0.01734104,0,0,0.011560694,0,0,0,0,0,0,0,0,0,0,0,0,0,0,0,0.005780347,0.034682081,0.277456647,0,0,0.011560694,0,0,0,0,0,0.005780347,0,0,0,0.01734104,0,0,0,0,0,0,0,0.005780347,0.005780347,0,0,0,0,0,0,0,0,0,0,0,0,0,0,0,0,0.005780347,0,0,0,0,0
"145","P1011180_IJ","ON","ONA","Urchin","Before",0,0.096061479,0.172910663,0.005610098,0.009606148,0,0,0,0,0.134486071,0,0,0,0,0,0.009606148,0.07204611,0.100864553,0,0.033621518,0,0,0,0,0.033621518,0.019212296,0,0,0,0.062439962,0,0,0,0,0,0.04803074,0.04418828,0,0,0,0,0.004803074,0,0.110470701,0,0,0,0,0.004803074,0,0,0,0,0,0,0,0,0,0,0,0,0,0,0,0,0.043227666,0,0,0,0,0
"146","P1011181_IJ","ON","ONA","Urchin","Before",0,0.016393443,0.010928962,0.005610098,0.038251366,0.005464481,0,0,0,0,0,0.005464481,0,0,0,0.016393443,0.076502732,0.56284153,0,0,0,0,0,0,0.010928962,0,0,0,0,0.071038251,0,0,0,0,0,0.021857923,0,0,0,0,0,0,0,0.081967213,0,0,0,0,0,0,0,0,0,0,0,0,0,0,0,0,0,0,0,0,0,0.043715847,0,0,0,0.038251366,0
"147","P1011182_IJ","ON","ONA","Urchin","Before",0.021493821,0.021493821,0.048361096,0.005610098,0.123589468,0.016120365,0,0,0,0.19881784,0,0,0,0,0,0,0.247178936,0.021493821,0,0,0,0,0,0.075228372,0,0,0,0,0,0.075228372,0,0,0,0,0,0.032240731,0.000537346,0,0,0,0.005373455,0,0,0.107469103,0,0,0,0,0,0,0,0,0,0,0,0.005373455,0,0,0,0,0,0,0,0,0,0,0,0,0,0,0
"148","P1011183_IJ","ON","ONA","Urchin","Before",0,0.042316847,0.089923301,0.005610098,0.132240148,0,0,0,0,0.269769902,0.005289606,0.005289606,0,0,0,0,0.105792118,0.100502513,0,0,0,0,0,0.031737636,0,0,0,0,0,0.063475271,0,0,0,0,0,0.010579212,0,0,0,0,0,0,0,0.084633695,0,0,0,0,0,0,0,0,0,0,0,0,0,0,0,0,0,0,0,0,0,0.02644803,0,0.005289606,0.016133298,0,0.010579212
"149","P1011187_IJ","ON","ONA","Urchin","Before",0,0.087158629,0.174317257,0.005610098,0.087158629,0,0,0,0,0,0,0,0,0,0,0,0,0,0,0,0,0,0,0,0.040674027,0.063916328,0,0,0,0.098779779,0,0,0,0,0,0.005810575,0.093550261,0,0,0,0,0,0,0.174317257,0,0,0,0.029052876,0,0,0,0,0,0,0,0.005810575,0,0,0,0,0,0,0,0,0,0.023242301,0,0,0,0.116211505,0
"150","P1011188_IJ","ON","ONA","Urchin","Before",0,0.04,0.04,0.005610098,0.12,0,0,0,0,0.24,0,0,0,0,0,0,0.137142857,0.205714286,0,0,0,0,0,0.005714286,0,0,0,0,0,0.08,0,0,0,0,0,0.011428571,0,0,0,0,0,0,0,0.108571429,0,0,0,0,0,0,0,0,0,0,0,0,0,0,0,0,0,0,0,0,0,0.011428571,0,0,0,0,0
"151","P1011168_IJ","ON","ONB","Urchin","Before",0,0.116838488,0.121596616,0.005610098,0.021147238,0,0,0,0,0,0,0,0,0,0,0,0,0,0,0,0,0,0,0,0.095162569,0.105736188,0,0,0,0.037007666,0,0.005286809,0,0,0,0.031720856,0.084853291,0,0,0,0,0,0,0.285487708,0,0,0,0,0,0,0,0,0,0,0,0,0,0,0,0,0,0,0,0,0,0,0,0.005286809,0,0.08987576,0
"152","P1011170_IJ","ON","ONB","Urchin","Before",0,0.081944824,0.152963671,0.005610098,0.103796777,0,0,0,0,0,0,0.005462988,0,0,0,0,0,0,0,0,0,0,0,0,0.120185742,0.0928708,0,0,0,0.049166894,0,0,0,0,0,0.027314941,0.054903032,0,0,0,0,0,0,0.12564873,0.038240918,0,0,0,0,0,0,0,0,0,0,0,0,0,0,0,0,0,0,0,0,0,0,0,0.005462988,0.142037695,0
"153","P1011171_IJ","ON","ONB","Urchin","Before",0.005430356,0.016291067,0.005430356,0.005610098,0.228074939,0,0,0,0,0,0,0,0,0,0,0,0.309530274,0.162910671,0,0.021721423,0.005430356,0,0,0,0.032582134,0,0,0,0,0.032582134,0,0,0,0,0,0.010860711,0.000271518,0,0,0,0,0.005430356,0,0.092316047,0.054846592,0,0,0,0,0,0,0,0,0,0,0.010860711,0,0.005430356,0,0,0,0,0,0,0,0,0,0,0,0,0
"154","P1011172_IJ","ON","ONB","Urchin","Before",0,0.125921879,0.081944824,0.005610098,0.076481836,0,0,0,0,0.027314941,0,0,0,0,0,0,0,0,0,0,0,0,0,0.03277793,0.114722753,0.021851953,0,0,0,0.016388965,0,0,0,0,0,0.005462988,0.081944824,0,0,0,0,0,0,0.185741601,0.076481836,0,0,0.005462988,0,0,0,0,0,0,0,0,0,0.005462988,0,0,0,0,0,0,0,0,0,0,0,0.142037695,0
"155","P1011173_IJ","ON","ONB","Urchin","Before",0,0.067702553,0.099889012,0.005610098,0.011098779,0,0,0,0,0,0,0,0,0,0,0.00554939,0,0.26082131,0,0,0,0,0,0,0.055493896,0.016648169,0,0,0,0.083240844,0,0,0,0,0,0.049944506,0.022197558,0.00554939,0,0,0,0,0,0.149833518,0.00554939,0,0,0,0,0,0,0,0,0,0,0,0,0,0,0,0,0,0,0,0,0,0,0.055493896,0.00554939,0.105438402,0
"156","P1011177_IJ","ON","ONB","Urchin","Before",0.004997501,0.070214893,0.264867566,0.005610098,0.059970015,0,0,0,0,0,0,0,0,0,0,0.009995002,0.15992004,0,0,0.014992504,0,0,0,0.004997501,0.144927536,0.009995002,0.004997501,0,0,0.024987506,0,0,0,0,0,0.014992504,0.059970015,0,0,0,0,0,0,0.11994003,0.030234883,0,0,0,0,0,0,0,0,0,0,0,0,0,0,0,0,0,0,0,0,0,0,0,0,0,0
"157","P1011124_IJ","ON","ONC","Urchin","Before",0.016949153,0.028248588,0.101694915,0.005610098,0.146892655,0.011299435,0,0,0,0,0,0,0,0,0,0,0.350282486,0.192090395,0,0,0,0,0,0.028248588,0.02259887,0.005649718,0,0,0,0.033898305,0,0,0,0,0,0,0,0,0,0,0.005649718,0,0,0.016949153,0,0,0,0,0.005649718,0,0,0.005649718,0,0.005649718,0,0,0,0,0,0,0,0,0,0,0,0,0,0,0,0.02259887,0
"158","P1011125_IJ","ON","ONC","Urchin","Before",0,0.120907524,0.034462952,0.005610098,0.172314762,0.005743825,0,0,0,0,0,0,0,0,0,0,0.327398047,0.017231476,0,0.051694428,0,0,0,0.005743825,0,0,0,0,0,0.057438254,0,0,0,0,0,0.063182079,0.011774842,0,0,0,0,0,0,0.028719127,0,0,0,0,0,0,0,0,0,0.040206778,0,0,0,0,0,0,0,0,0,0,0,0.011487651,0,0.034462952,0,0.017231476,0
"159","P1011126_IJ","ON","ONC","Urchin","Before",0.006740816,0.108190091,0.114593866,0.005610098,0.161779575,0.006740816,0,0,0,0,0,0,0,0,0,0,0.208965285,0,0,0,0,0,0,0.026963263,0.053926525,0.006740816,0,0,0,0.060667341,0,0,0,0,0,0.013481631,0.042130098,0,0,0,0,0,0,0.162116616,0,0,0,0,0,0,0,0,0,0.006740816,0,0,0,0,0,0,0,0,0,0,0,0,0,0,0,0.020222447,0
"160","P1011127_IJ","ON","ONC","Urchin","Before",0,0.143154143,0.148500149,0.005610098,0.136620137,0,0,0,0.005940006,0,0,0,0,0,0,0,0.184140184,0,0,0,0,0.011880012,0,0.011880012,0.077220077,0,0,0,0,0.041580042,0,0,0,0,0,0.02970003,0.030888031,0,0,0,0,0,0,0.101277101,0,0,0,0,0,0,0,0,0,0.017820018,0,0,0,0,0,0,0,0,0,0,0,0,0,0.005940006,0,0.053460053,0
"161","P1011129_IJ","ON","ONC","Urchin","Before",0.005314908,0.090619187,0.111613075,0.005314908,0.106298166,0.010629817,0,0,0.005314908,0.015944725,0,0,0,0,0,0,0.308264682,0,0,0,0,0.021259633,0,0.015944725,0.037204358,0.010629817,0,0,0,0.026840287,0,0,0,0,0,0.005314908,0.032155195,0,0,0,0,0,0,0.090353441,0.069093808,0,0,0,0,0,0,0,0,0.015944725,0,0,0,0,0,0,0,0,0,0,0,0,0,0.021259633,0,0,0
"162","P1011131_IJ","ON","ONC","Urchin","Before",0,0.055248619,0.066298343,0.005314908,0.154696133,0.005524862,0,0,0,0,0,0,0,0,0,0,0.392265193,0.160220994,0.005524862,0,0,0,0,0.011049724,0.060773481,0.022099448,0,0,0,0.027624309,0,0,0,0,0,0,0.005524862,0,0,0,0,0,0,0.011049724,0,0,0,0,0,0,0,0,0,0.011049724,0,0,0,0,0,0,0,0,0,0,0,0.005524862,0.005524862,0,0,0,0
"163","P1011159_IJ","ON","ON0","Control","Before",0,0.065934066,0.021978022,0.005314908,0.104395604,0,0,0,0,0,0,0,0,0,0,0,0.576923077,0.142857143,0,0,0.005494505,0,0,0,0.005494505,0,0,0,0,0.016483516,0,0,0,0,0,0.032967033,0,0,0,0,0,0,0,0,0,0,0,0,0,0,0,0,0,0,0,0,0,0,0,0,0,0,0,0,0,0.021978022,0,0,0.005494505,0,0
"164","P1011162_IJ","ON","ON0","Control","Before",0.024367956,0.036551934,0.024367956,0.005314908,0.158391715,0,0,0,0,0,0,0,0,0,0,0,0.462991167,0,0,0.012183978,0,0,0,0.024367956,0.030459945,0.012183978,0,0,0,0,0,0,0,0,0,0.036551934,0.019189765,0,0,0.012183978,0.006091989,0,0,0.115747792,0,0,0,0,0,0,0,0.024367956,0,0,0,0,0,0,0,0,0,0,0,0,0,0,0,0,0,0,0
"165","P1011163_IJ","ON","ON0","Control","Before",0.006279435,0.043956044,0.075353218,0.005314908,0.307692308,0,0,0,0,0,0,0,0,0,0,0,0.295133438,0.006279435,0,0.025117739,0,0,0,0.01255887,0.056514914,0,0,0,0,0.006279435,0,0,0,0,0,0.025117739,0.020094192,0,0,0,0,0,0,0.08822606,0,0,0,0.01255887,0,0,0,0,0,0,0,0,0,0,0,0,0,0,0,0,0,0.018838305,0,0,0,0,0
"166","P1011165_IJ","ON","ON0","Control","Before",0,0.068204954,0.054292501,0.005314908,0.352901256,0,0,0,0,0,0,0,0,0,0,0,0.088225314,0.217509332,0,0.02714625,0,0,0,0.013573125,0.033932813,0,0,0,0,0.006786563,0,0,0,0,0,0.008143875,0.000339328,0.006786563,0,0,0,0,0,0.108585002,0,0,0,0,0,0,0,0,0,0,0,0,0,0,0,0,0,0,0,0,0,0.006786563,0,0,0.006786563,0,0
"167","P1011166_IJ","ON","ON0","Control","Before",0,0.013153568,0.039460704,0.005314908,0.164419599,0,0,0,0,0,0,0,0,0,0,0,0.545873068,0.125287734,0,0,0,0,0,0,0.019730352,0,0,0,0,0,0,0,0,0,0,0.006576784,0.013153568,0,0,0,0,0,0,0,0,0,0,0,0,0,0,0,0,0,0,0,0,0,0,0,0,0,0,0,0,0.013153568,0,0,0.026307136,0.03288392,0
"168","P1011167_IJ","ON","ON0","Control","Before",0,0.023114707,0.05200809,0.005314908,0.704998555,0,0,0,0,0,0,0,0,0,0,0,0.115573534,0.05200809,0,0,0,0,0,0.005778677,0,0,0,0,0,0,0,0,0,0,0,0,0.000288934,0,0,0,0,0.005778677,0,0,0,0,0,0,0,0,0,0,0,0,0,0,0,0,0,0,0,0,0,0,0,0,0,0,0.040450737,0,0
"169","P1011147_IJ","ON","ON2","Control","Before",0,0.059443394,0.308024858,0.005314908,0.075655228,0.005403945,0,0,0,0,0,0,0,0,0,0,0,0.059443394,0,0,0,0,0,0,0.064847339,0,0,0,0,0.016211835,0,0,0,0,0,0.016211835,0.021885977,0,0,0,0,0,0,0.005403945,0,0,0,0,0,0,0,0,0,0,0,0,0,0,0.005403945,0,0,0,0,0,0,0,0,0,0.01080789,0.351256417,0
"170","P1011148_IJ","ON","ON2","Control","Before",0.040802448,0.081604896,0.340020401,0.005314908,0.013600816,0.006800408,0,0,0,0,0,0,0,0,0,0,0,0,0,0,0,0,0,0,0.013600816,0.10200612,0,0,0,0.020401224,0,0,0,0,0,0,0.00034002,0,0.006800408,0,0,0,0,0,0,0,0,0,0,0,0,0,0,0,0,0,0,0,0,0,0,0,0,0,0,0,0,0,0.006800408,0.367222033,0
"171","P1011151_IJ","ON","ON2","Control","Before",0,0.012658228,0.050632911,0.005314908,0.17721519,0.006329114,0,0,0,0,0,0,0,0,0,0,0.607594937,0,0,0,0,0,0,0,0.006329114,0.03164557,0.018987342,0,0,0.006329114,0,0,0,0,0,0.012658228,0,0,0,0,0,0,0,0,0,0,0,0,0,0,0,0,0,0.006329114,0,0,0,0,0,0,0,0,0,0,0,0.03164557,0,0,0.03164557,0,0
"172","P1011152_IJ","ON","ON2","Control","Before",0.006578947,0.046052632,0.006578947,0.005314908,0.302631579,0.019736842,0,0,0,0,0,0,0,0,0,0,0.5,0.013157895,0,0,0,0,0,0,0.006578947,0,0,0,0,0.006578947,0,0,0,0,0,0.019736842,0.013157895,0,0,0,0,0,0,0.006578947,0,0,0,0,0,0,0,0,0,0,0,0,0,0,0,0,0,0,0,0,0,0,0,0,0.026315789,0,0.026315789
"173","P1011154_IJ","ON","ON2","Control","Before",0,0.099620216,0.47911189,0.005314908,0,0.005842828,0,0,0,0,0,0,0,0,0,0.005842828,0,0,0,0.035056968,0,0,0,0,0.023371312,0.023371312,0,0,0,0.011685656,0,0,0,0,0,0.040899796,0.018112767,0,0,0,0,0,0,0.023371312,0,0,0,0,0,0,0,0,0,0,0,0,0,0,0,0,0,0,0,0,0,0,0,0,0.011685656,0.222027461,0
"174","P1011158_IJ","ON","ON2","Control","Before",0.006666667,0.113333333,0.206666667,0.005314908,0.033333333,0,0,0,0,0,0,0,0,0,0,0,0,0.04,0,0,0,0,0,0,0.04,0,0,0,0,0.006666667,0,0,0,0,0,0.033333333,0.013333333,0,0,0,0,0,0,0,0,0,0,0,0,0,0,0,0,0,0,0,0,0,0,0,0,0,0,0,0,0.006666667,0.006666667,0,0.02,0.473333333,0
"175","P1011136_IJ","ON","ON4","Control","Before",0,0.097400743,0.137103685,0.005314908,0.051413882,0.011425307,0,0,0,0,0,0,0,0,0,0,0,0.011425307,0.022850614,0.022850614,0,0,0,0.034275921,0.017137961,0.034275921,0,0,0.028563268,0.074264496,0,0,0,0,0,0.062839189,0.022850614,0,0.005712654,0,0,0,0,0,0,0,0,0,0,0,0,0,0,0,0,0,0,0,0,0.005712654,0,0,0,0,0,0.022850614,0,0,0.005712654,0.331333905,0
"176","P1011138_IJ","ON","ON4","Control","Before",0,0.087757651,0.168644597,0.005314908,0.037476577,0,0,0,0,0,0,0,0,0,0,0,0,0.068707058,0,0,0,0,0,0.031230481,0.043722673,0.018738289,0.012492192,0,0,0.093691443,0,0.012492192,0,0,0,0.087445347,0.019050593,0,0,0,0.012492192,0,0,0,0,0,0,0,0,0,0,0,0,0,0,0,0,0,0,0,0,0,0,0,0,0.012492192,0,0,0.006246096,0.287320425,0
"177","P1011139_IJ","ON","ON4","Control","Before",0.00625,0.075,0.2,0.005314908,0,0,0,0,0,0,0,0,0,0,0,0,0,0.01875,0,0,0,0,0,0.19375,0.06875,0.0375,0,0,0,0.0375,0,0,0,0,0,0.075,0.05,0,0,0,0.00625,0,0,0,0,0,0,0,0,0,0,0,0,0,0,0,0,0,0,0,0,0,0,0,0,0,0,0,0.01875,0.2125,0
"178","P1011141_IJ","ON","ON4","Control","Before",0,0.071895425,0.14379085,0.005314908,0.019607843,0,0,0,0,0,0,0,0,0,0,0,0,0.071895425,0,0,0,0,0,0.058823529,0.032679739,0.039215686,0.032679739,0,0,0.045751634,0,0.006535948,0,0,0,0.156862745,0.019607843,0,0,0,0,0,0,0,0.006535948,0,0,0,0,0,0,0,0,0,0,0,0,0,0,0,0,0,0,0,0,0,0,0,0.006535948,0.287581699,0
"179","P1011143_IJ","ON","ON4","Control","Before",0,0.103030303,0.133333333,0.005314908,0.048484848,0.012121212,0,0,0,0.006060606,0,0,0,0,0,0,0,0.151515152,0,0.018181818,0,0,0,0,0.060606061,0.036363636,0,0,0,0.048484848,0,0,0,0,0,0.084848485,0.03030303,0,0,0,0.006060606,0,0,0,0,0,0,0,0,0,0,0.006060606,0,0,0,0,0,0,0,0,0,0,0,0,0,0.012121212,0,0.006060606,0.006060606,0.23030303,0
"180","P1011146_IJ","ON","ON4","Control","Before",0.010979962,0.022234422,0.483118309,0.005314908,0.027449904,0,0,0,0,0,0,0,0,0,0,0,0.093329673,0.175679385,0,0,0,0,0,0.005489981,0.065879769,0.010979962,0,0,0,0.010979962,0,0,0,0,0,0.043919846,0.038978864,0.010979962,0,0,0,0,0,0,0,0,0,0,0,0,0,0,0,0,0,0,0,0,0,0,0,0,0,0,0,0,0,0,0,0,0
"181","P1010255_IJ","ON","ONA","Urchin","End",0.011753183,0.098334966,0.144955926,0.005314908,0.007835455,0,0,0,0,0,0,0,0,0,0,0.003917728,0.08619001,0.097943193,0.007835455,0.05093046,0,0,0,0.019588639,0.070519099,0.015670911,0.011753183,0,0,0.066601371,0,0,0,0,0,0.047012733,0.058961802,0.058765916,0,0,0,0,0,0.066993144,0,0,0,0,0,0,0,0,0,0,0,0,0,0,0,0,0,0,0,0,0,0.054848188,0,0,0,0.019588639,0
"182","P1010256_IJ","ON","ONA","Urchin","End",0,0.129395973,0.193288591,0.005314908,0.010738255,0,0,0,0,0,0,0,0,0,0,0.005369128,0.016107383,0.118120805,0,0.069798658,0,0,0,0,0.069798658,0,0.016107383,0,0,0.091275168,0,0,0,0,0,0.04295302,0.080805369,0,0,0,0,0,0,0.091812081,0,0,0,0,0,0,0,0,0,0,0,0,0,0,0,0,0,0,0,0,0,0.059060403,0,0,0,0.005369128,0
"183","P1010258_IJ","ON","ONA","Urchin","End",0,0.085901826,0.108447489,0.005314908,0.017123288,0,0,0,0,0,0,0,0,0,0,0,0.142694064,0.399543379,0,0,0,0,0,0,0,0,0,0,0,0.097031963,0,0.028538813,0,0,0,0.000856164,0,0,0,0,0,0,0,0.097031963,0,0,0,0,0,0,0,0,0,0,0,0,0,0,0,0,0,0,0,0,0,0,0,0,0.02283105,0,0
"184","P1010259_IJ","ON","ONA","Urchin","End",0,0.08204967,0.213769255,0.005314908,0,0,0,0,0,0,0,0,0,0,0,0,0,0.06287331,0,0,0,0,0,0.025149324,0.157183276,0.018861993,0,0,0,0.106884627,0,0.044011317,0,0,0,0.044011317,0,0,0,0,0,0,0,0.138321283,0,0,0,0,0,0,0,0,0,0,0,0,0,0,0,0,0,0,0,0,0,0.069160641,0,0,0.037723986,0,0
"185","P1010260_IJ","ON","ONA","Urchin","End",0.011299435,0.084745763,0.163841808,0.005314908,0.039548023,0,0,0,0,0,0,0,0,0,0,0,0.242937853,0.175141243,0,0,0.016949153,0,0,0.011299435,0,0.011299435,0,0,0,0.073446328,0,0,0,0,0,0.011299435,0.005649718,0,0,0,0,0,0,0.096045198,0,0,0,0,0,0,0,0,0,0,0,0,0,0,0,0,0,0,0,0,0,0.02259887,0,0,0.033898305,0,0
"186","P1010263_IJ","ON","ONA","Urchin","End",0.012982798,0.168776371,0.142810776,0.005314908,0.019474197,0,0,0,0,0,0,0,0,0,0,0,0.071405388,0.149302175,0,0,0,0,0,0.077896787,0.006491399,0.006491399,0.006491399,0,0,0.103862382,0,0,0,0,0,0.045439792,0.045439792,0,0,0.006491399,0.019474197,0,0,0.110678351,0,0,0,0,0,0,0,0,0,0,0,0,0,0,0,0,0,0,0,0,0,0,0,0,0,0.006491399,0
"187","P1010246_IJ","ON","ONB","Urchin","End",0.00605877,0.096940321,0.339291124,0.005314908,0,0,0,0,0,0,0,0,0,0,0,0,0,0,0,0,0,0,0,0.084822781,0.127234171,0.02423508,0,0,0,0.04241139,0,0,0,0,0,0.01817631,0.02423508,0.00605877,0.121175401,0,0,0,0,0.10330203,0.00605877,0,0,0,0,0,0,0,0,0,0,0,0,0,0,0,0,0,0,0,0,0,0,0,0,0,0
"188","P1010247_IJ","ON","ONB","Urchin","End",0.038216561,0.146496815,0.165605096,0.005314908,0.006369427,0,0,0,0,0,0,0,0,0,0,0,0,0,0,0,0,0,0,0.006369427,0.089171975,0.095541401,0,0,0,0.044585987,0,0,0,0,0,0.025477707,0.057324841,0.057324841,0.127388535,0,0,0,0,0.140127389,0,0,0,0,0,0,0,0,0,0,0,0,0,0,0,0,0,0,0,0,0,0,0,0,0,0,0
"189","P1010248_IJ","ON","ONB","Urchin","End",0.014239943,0.128159487,0.220719117,0.005314908,0.007119972,0,0,0,0,0,0,0,0,0,0,0,0,0,0,0,0,0,0,0.056959772,0.177999288,0,0,0,0,0.071199715,0,0,0,0,0,0.028479886,0.031683873,0,0.14239943,0,0,0,0,0.113919544,0.007119972,0,0,0,0,0,0,0,0,0,0,0,0,0,0,0,0,0,0,0,0,0,0,0,0,0,0
"190","P1010249_IJ","ON","ONB","Urchin","End",0.00602047,0.204695966,0.204695966,0.005314908,0.018061409,0,0,0,0,0,0,0,0,0,0,0,0.012040939,0,0,0,0,0,0,0.042143287,0.168573149,0.012040939,0,0,0,0.024081878,0,0,0,0,0,0,0.060806743,0.036122818,0.120409392,0,0,0,0,0.084286574,0,0,0,0,0,0,0,0,0,0,0,0,0,0,0,0,0,0,0,0,0,0,0,0,0.00602047,0,0
"191","P1010250_IJ","ON","ONB","Urchin","End",0,0.093539901,0.210464776,0.005314908,0,0,0,0,0,0,0,0,0,0,0,0,0,0.040923707,0,0,0,0,0,0.005846244,0.181233557,0.035077463,0,0,0,0.029231219,0,0,0,0,0,0.029231219,0.070447238,0.064308682,0.111078632,0,0.005846244,0,0,0.105232388,0.011692488,0,0,0,0,0,0,0,0,0,0,0.005846244,0,0,0,0,0,0,0,0,0,0,0,0,0,0,0
"192","P1010252_IJ","ON","ONB","Urchin","End",0,0.151792724,0.214603507,0.005314908,0.041873855,0,0,0,0,0,0,0,0,0,0,0,0.115153101,0.015702696,0,0.130855797,0,0,0,0,0.026171159,0.005234232,0,0,0,0.08374771,0,0,0,0,0,0.047108087,0,0,0.031667103,0,0,0,0,0.088981942,0.041873855,0,0,0,0,0,0,0,0,0,0,0,0,0,0,0,0,0,0,0,0,0,0,0,0.005234232,0,0
"193","P1010191_IJ","ON","ONC","Urchin","End",0,0.075057737,0.259815242,0.005314908,0,0,0,0,0,0,0,0,0,0,0,0,0.236720554,0.109699769,0,0,0,0,0,0.051963048,0.063510393,0,0,0,0,0.034642032,0,0,0,0,0,0.02886836,0.006351039,0,0.046766744,0,0,0.005773672,0,0,0,0,0,0,0,0,0,0,0,0.080831409,0,0,0,0,0,0,0,0,0,0,0,0,0,0,0,0,0
"194","P1010192_IJ","ON","ONC","Urchin","End",0.029585799,0.053254438,0.390532544,0.005314908,0,0,0,0,0,0,0,0,0,0,0,0,0.136094675,0.236686391,0,0,0,0,0,0.029585799,0.035502959,0,0,0,0,0.029585799,0,0,0,0,0,0.01183432,0,0,0.041420118,0,0,0,0,0,0,0,0,0.00591716,0,0,0,0,0,0,0,0,0,0,0,0,0,0,0,0,0,0,0,0,0,0,0
"195","P1010194_IJ","ON","ONC","Urchin","End",0.02423508,0.127234171,0.169645562,0.005314908,0.01817631,0,0,0,0,0,0,0.00605877,0,0,0,0,0.212056952,0.00605877,0.03635262,0,0,0,0,0.00605877,0.066646471,0,0,0,0,0.066646471,0,0.00605877,0,0,0,0.01817631,0.030596789,0.01211754,0.084822781,0.00605877,0,0,0,0.048470161,0,0,0,0,0,0,0,0,0,0.00605877,0,0,0,0,0.01211754,0,0,0,0,0,0,0.03635262,0,0,0,0,0
"196","P1010195_IJ","ON","ONC","Urchin","End",0,0.151216305,0.223537147,0.005314908,0,0,0,0,0,0,0,0,0,0,0,0,0.236686391,0.026298488,0,0,0,0,0,0,0.06574622,0,0,0,0,0.026298488,0,0,0,0,0,0.019723866,0.000328731,0,0.098619329,0,0,0,0,0.06574622,0,0,0,0.006903353,0,0,0,0,0,0.019723866,0,0,0,0,0,0,0,0,0,0,0,0,0,0,0.059171598,0,0
"197","P1010197_IJ","ON","ONC","Urchin","End",0.00608828,0.115677321,0.310502283,0.005314908,0,0,0,0,0,0,0,0,0,0,0,0,0.066971081,0.04261796,0,0,0,0,0,0,0.066971081,0,0,0,0,0.04870624,0,0,0,0,0,0.01826484,0.013089802,0,0.097412481,0,0,0,0,0.073668189,0.066971081,0,0,0,0,0,0,0,0,0.01217656,0,0,0,0,0,0,0,0,0,0,0,0.00608828,0,0,0.054794521,0,0
"198","P1010198_IJ","ON","ONC","Urchin","End",0.012269939,0.18404908,0.196319018,0.005314908,0,0.018404908,0,0,0,0.030674847,0,0,0,0,0,0.006134969,0.104294479,0,0,0,0,0,0,0.073619632,0.079754601,0,0,0,0,0.030674847,0,0.036809816,0,0,0,0.018404908,0,0.09202454,0,0,0,0,0,0.049079755,0,0,0,0,0,0,0,0.012269939,0,0,0,0,0,0,0,0,0,0,0,0,0,0,0,0,0.055214724,0,0
"199","P1010240_IJ","ON","ON0","Control","End",0,0.029061319,0.151118861,0.005314908,0.052310375,0.005812264,0,0,0,0,0,0,0,0,0,0,0.447544319,0,0,0.017436792,0,0,0,0,0.058122639,0,0,0,0,0,0,0,0,0,0,0.069747167,0.017727405,0,0.029061319,0,0.005812264,0,0,0.081371694,0,0,0,0,0,0,0,0,0,0,0,0,0,0,0,0,0,0,0,0,0,0.005812264,0,0,0.029061319,0,0
"200","P1010242_IJ","ON","ON0","Control","End",0,0.066666667,0.05,0.005314908,0.038888889,0.011111111,0,0,0,0,0,0,0,0,0,0,0.227777778,0.377777778,0,0,0,0,0,0,0.022222222,0,0,0,0,0.011111111,0,0,0,0,0,0.027777778,0.005555556,0,0.061111111,0,0,0,0,0.1,0,0,0,0,0,0,0,0,0,0,0,0,0,0,0,0,0,0,0,0,0,0,0,0,0,0,0
"201","ON0_45_090924_IJ","ON","ON0","Control","End",0,0.064516129,0.058064516,0.005314908,0.064516129,0.006451613,0,0,0.019354839,0,0,0,0,0,0,0,0.380645161,0.025806452,0,0.032258065,0,0,0,0,0.038709677,0,0,0,0,0,0,0,0,0,0,0.064516129,0.051612903,0,0.012903226,0.006451613,0.006451613,0,0,0.167741935,0,0,0,0,0,0,0,0,0,0,0,0,0,0,0,0,0,0,0,0,0,0,0,0,0,0,0
"202","ON0_46_090924_IJ","ON","ON0","Control","End",0,0.043715847,0.027322404,0.005314908,0.071038251,0,0,0,0,0,0,0,0,0,0,0,0.355191257,0.273224044,0,0.016393443,0,0,0,0,0.043715847,0,0,0,0,0.021857923,0,0,0,0,0,0.032786885,0,0,0.021857923,0,0,0,0,0.087431694,0,0,0,0,0,0,0,0,0,0,0,0,0,0,0,0,0,0,0,0,0,0,0,0,0.005464481,0,0
"203","ON0_47_090924_IJ","ON","ON0","Control","End",0,0.078313253,0.072289157,0.005314908,0.024096386,0,0,0.030120482,0,0,0,0,0,0,0,0,0.614457831,0.084337349,0,0,0,0,0,0,0,0,0,0,0,0.006024096,0,0,0,0,0,0.024096386,0,0,0,0,0,0,0,0,0,0,0,0,0,0,0,0,0,0,0,0,0,0,0,0,0,0,0,0,0,0.024096386,0,0,0.042168675,0,0
"204","ON0_49_090924_IJ","ON","ON0","Control","End",0,0.063653724,0.120942075,0.005314908,0.057288351,0,0,0,0,0,0,0.012730745,0,0,0,0,0.178230426,0,0,0.025461489,0,0,0,0.025461489,0.152768937,0,0,0,0,0.025461489,0,0,0,0,0,0.038192234,0.051559516,0,0.057288351,0,0,0,0,0.171865054,0,0,0,0,0,0,0,0,0,0,0,0,0,0,0,0,0,0,0,0,0,0,0,0,0.019096117,0,0
"205","P1010225_IJ","ON","ON2","Control","End",0,0.016570008,0.121513394,0.005314908,0.033140017,0,0,0,0,0,0,0,0,0,0,0,0.563380282,0,0,0.005523336,0,0,0,0.005523336,0.02761668,0.038663353,0,0,0,0.005523336,0,0,0,0,0,0.022093344,0.000276167,0,0.055233361,0,0,0,0,0,0,0,0,0,0,0,0,0,0,0,0,0,0.005523336,0,0.005523336,0,0,0,0,0,0,0.016570008,0,0,0.077326705,0,0
"206","P1010226_IJ","ON","ON2","Control","End",0,0,0.427586207,0.005314908,0.013793103,0,0,0,0,0,0,0,0,0,0,0,0,0,0,0,0,0,0,0,0.006896552,0.04137931,0,0,0,0.013793103,0,0,0,0,0,0,0,0,0.137931034,0,0,0,0,0,0,0,0,0,0,0,0,0,0,0,0,0,0,0,0,0,0,0,0,0,0,0,0,0,0.137931034,0.220689655,0
"207","P1010227_IJ","ON","ON2","Control","End",0,0.06741573,0.516853933,0.005314908,0.011235955,0,0,0,0,0.011235955,0,0.005617978,0,0,0,0,0.129213483,0.028089888,0,0,0,0,0,0,0.033707865,0,0,0,0,0.016853933,0,0,0,0,0,0.005617978,0,0,0.08988764,0.016853933,0,0,0,0.005617978,0,0,0,0.005617978,0,0,0,0,0,0,0,0,0,0,0,0,0,0,0,0,0,0,0,0,0.056179775,0,0
"208","ON2_43_090924_IJ","ON","ON2","Control","End",0,0.113136392,0.301697046,0.005314908,0,0.02514142,0,0,0,0,0,0,0,0,0,0,0.23255814,0.031426776,0,0,0,0,0,0,0.031426776,0,0,0,0,0.006285355,0,0,0,0,0,0.062853551,0.019484601,0,0.087994972,0,0,0,0,0,0,0,0,0,0,0,0,0,0,0,0,0,0,0,0,0,0,0,0,0,0,0.01257071,0,0,0.062853551,0.01257071,0
"209","ON2_44_090924_IJ","ON","ON2","Control","End",0.028571429,0.057142857,0.44,0.005314908,0.034285714,0,0,0,0,0.011428571,0,0.011428571,0,0,0,0,0.011428571,0.028571429,0.017142857,0,0,0,0,0,0.011428571,0,0,0,0,0.005714286,0,0,0,0,0,0.011428571,0.005714286,0,0.102857143,0,0,0,0,0,0,0,0,0,0,0,0,0,0,0,0,0,0,0.011428571,0.005714286,0,0,0,0,0,0,0,0,0,0.057142857,0.148571429,0
"210","ON2_81_090924_IJ","ON","ON2","Control","End",0,0.109677419,0.309677419,0.005314908,0.012903226,0,0,0,0,0,0,0.012903226,0,0,0,0,0.135483871,0,0,0,0,0,0,0.025806452,0.025806452,0.012903226,0.006451613,0,0,0,0,0,0,0,0,0,0,0,0.122580645,0,0,0,0,0,0,0,0,0,0,0,0,0,0,0,0,0,0,0,0,0,0,0,0,0,0,0,0,0,0.148387097,0.077419355,0
"211","P1010208_IJ","ON","ON4","Control","End",0,0.09997223,0.133296307,0.005314908,0.016662038,0,0,0,0,0,0,0,0,0,0,0,0.194390447,0.066648153,0,0.038878089,0,0,0,0.005554013,0.077756179,0.005554013,0.022216051,0.016662038,0,0.061094141,0,0,0,0,0,0.066648153,0.066925854,0.044432102,0.027770064,0,0.011108026,0,0,0,0,0,0,0,0,0,0,0,0,0,0,0,0,0,0,0,0,0,0,0,0,0.011108026,0,0,0.022216051,0.011108026,0
"212","P1010210_IJ","ON","ON4","Control","End",0,0.094142259,0.235355649,0.005314908,0.031380753,0.020920502,0,0,0,0,0,0,0,0,0,0,0.193514644,0.067991632,0,0,0.005230126,0,0,0.010460251,0.062761506,0.020920502,0.005230126,0.005230126,0.015690377,0.062761506,0,0.005230126,0,0,0,0.026150628,0.021705021,0.052301255,0,0.020920502,0,0,0,0,0,0,0,0,0,0,0,0,0,0,0,0,0,0,0.015951883,0,0,0,0,0,0,0.020920502,0,0,0.005230126,0,0
"213","ON4_71_090924_IJ","ON","ON4","Control","End",0,0.079545455,0.102272727,0.005314908,0.017045455,0.011363636,0,0,0,0,0,0,0,0,0,0,0.215909091,0.045454545,0.011363636,0.022727273,0.005681818,0,0,0.017045455,0.073863636,0,0.017045455,0.107954545,0,0.051136364,0,0.005681818,0,0,0,0.0625,0.022727273,0.113636364,0.005681818,0,0,0.005681818,0,0,0,0,0,0,0,0,0,0,0,0,0,0,0,0,0,0,0,0,0,0,0,0,0,0,0.005681818,0,0
"214","ON4_72_090924_IJ","ON","ON4","Control","End",0.005343308,0.08549292,0.112209458,0.005314908,0.02137323,0.005343308,0,0,0,0,0,0,0,0,0,0,0.14961261,0.154955918,0,0.005343308,0,0.016029923,0,0,0.053433075,0,0.08549292,0.04274646,0,0.08549292,0,0.005343308,0,0,0,0.037670318,0.037937483,0.037403153,0.016029923,0.005343308,0,0,0,0,0,0,0,0,0,0,0,0,0,0,0,0,0,0,0,0,0,0,0,0,0,0.016029923,0,0,0.005343308,0.016029923,0
"215","ON4_73_090924_IJ","ON","ON4","Control","End",0,0.099941211,0.13521458,0.005314908,0.005878895,0.023515579,0,0,0,0,0,0,0,0,0,0,0.164609053,0.129335685,0,0.005878895,0.01175779,0,0,0,0.117577895,0.005878895,0,0.047031158,0,0.041152263,0,0.01175779,0,0,0,0.029394474,0.035861258,0.105820106,0,0.005878895,0.005878895,0,0,0,0,0,0,0,0,0,0,0,0,0,0,0,0,0,0,0,0,0,0,0,0,0.017636684,0,0,0,0,0
"216","ON4_74_090924_IJ","ON","ON4","Control","End",0.011428571,0.051428571,0.114285714,0.005314908,0.051428571,0.005714286,0,0,0,0,0,0.011428571,0,0,0,0,0.154285714,0.337142857,0,0,0,0,0,0,0.011428571,0.011428571,0.017142857,0.045714286,0,0.062857143,0,0,0,0,0,0.022857143,0.005714286,0.074285714,0,0,0.005714286,0,0,0,0,0,0,0,0,0,0,0,0,0,0,0,0,0,0,0,0,0,0,0,0.005714286,0,0,0,0,0,0
